City_ID,City,Country,Date,Lat,Lng,Max Temp,Humidity,Cloudiness,Wind Speed
0,Ishigaki,JP,2022-07-26 02:02:59,24.3448,124.1572,302.49,73,24,1.08
1,Chalatenango,SV,2022-07-26 02:02:59,14.0333,-88.9333,292.91,95,99,0.43
2,Hassan,IN,2022-07-26 02:03:00,13.0006,76.0994,293.04,89,100,4.28
3,Busselton,AU,2022-07-26 02:03:00,-33.65,115.3333,289.75,80,100,8.77
4,Iskateley,RU,2022-07-26 02:03:01,67.6803,53.1512,281.92,91,100,8.94
5,Kavieng,PG,2022-07-26 02:03:01,-2.5744,150.7967,302.1,73,64,6.61
6,Codrington,AU,2022-07-26 02:03:02,-38.2667,141.9667,285.17,62,88,10.56
7,Arraial Do Cabo,BR,2022-07-26 02:00:04,-22.9661,-42.0278,294.49,88,8,8.24
8,Norman Wells,CA,2022-07-26 02:03:03,65.282,-126.8329,298.35,35,14,4.83
9,Meulaboh,ID,2022-07-26 02:03:03,4.1363,96.1285,297.35,92,100,1.65
10,Carnarvon,AU,2022-07-26 01:59:33,-24.8667,113.6333,291.72,36,0,3.23
11,Hovd,MN,2022-07-26 02:03:04,48.0056,91.6419,289.24,36,0,2.02
12,Jamestown,US,2022-07-26 01:58:31,42.097,-79.2353,291.77,80,24,0.45
13,Georgetown,MY,2022-07-26 02:00:50,5.4112,100.3354,302.11,81,20,0.0
14,Mataura,NZ,2022-07-26 01:58:51,-46.1927,168.8643,280.64,97,100,4.85
15,Bredasdorp,ZA,2022-07-26 02:03:06,-34.5322,20.0403,281.45,63,0,2.21
16,Bosaso,SO,2022-07-26 02:03:06,11.2842,49.1816,303.88,42,57,11.81
17,Katsuura,JP,2022-07-26 02:03:07,35.1333,140.3,301.16,87,100,7.91
18,Qaanaaq,GL,2022-07-26 02:03:07,77.484,-69.3632,278.47,68,0,0.71
19,Avarua,CK,2022-07-26 01:59:18,-21.2078,-159.775,296.18,68,75,2.57
20,Vila Franca Do Campo,PT,2022-07-26 02:03:08,37.7167,-25.4333,295.38,93,34,1.3
21,Yulara,AU,2022-07-26 02:02:07,-25.2406,130.9889,287.87,37,0,7.78
22,Ushuaia,AR,2022-07-26 02:03:09,-54.8,-68.3,268.15,94,71,2.41
23,Bandarbeyla,SO,2022-07-26 01:59:39,9.4942,50.8122,298.39,69,100,12.13
24,Evensk,RU,2022-07-26 02:03:10,61.95,159.2333,287.45,66,52,4.1
25,Bambanglipuro,ID,2022-07-26 02:03:10,-7.95,110.2833,298.8,68,89,3.21
26,Hobart,AU,2022-07-26 01:58:55,-42.8794,147.3294,288.07,77,20,3.09
27,Husavik,IS,2022-07-26 02:02:47,66.0449,-17.3389,282.64,83,100,0.22
28,Klaksvik,FO,2022-07-26 01:59:43,62.2266,-6.589,281.66,84,40,4.11
29,Esperance,AU,2022-07-26 02:03:12,-33.8667,121.9,287.45,51,3,9.46
30,Ventspils,LV,2022-07-26 02:03:12,57.3894,21.5606,290.11,94,0,3.09
31,Alice Springs,AU,2022-07-26 02:00:57,-23.7,133.8833,287.9,44,0,8.23
32,Kapaa,US,2022-07-26 02:00:32,22.0752,-159.319,301.14,70,0,3.13
33,Butaritari,KI,2022-07-26 02:03:13,3.0707,172.7902,301.25,69,99,6.41
34,Arandis,NA,2022-07-26 02:03:14,-22.4167,14.9667,286.12,55,3,1.59
35,Aksarka,RU,2022-07-26 02:03:14,66.5606,67.7975,284.7,69,90,8.83
36,Nikolskoye,RU,2022-07-26 01:58:57,59.7035,30.7861,288.6,90,80,1.04
37,The Valley,AI,2022-07-26 02:03:15,18.217,-63.0578,300.98,80,90,9.18
38,Saskylakh,RU,2022-07-26 02:00:22,71.9167,114.0833,296.32,62,93,3.13
39,Tuktoyaktuk,CA,2022-07-26 02:03:16,69.4541,-133.0374,288.37,57,100,7.04
40,Lebu,CL,2022-07-26 01:59:54,-37.6167,-73.65,284.98,86,11,11.72
41,Kimberley,ZA,2022-07-26 02:03:17,-28.7323,24.7623,281.82,33,0,3.54
42,Hermanus,ZA,2022-07-26 02:03:17,-34.4187,19.2345,281.37,51,0,3.67
43,New Norfolk,AU,2022-07-26 02:03:18,-42.7826,147.0587,287.99,79,98,0.24
44,Barrow,US,2022-07-26 02:00:26,71.2906,-156.7887,276.16,87,100,11.83
45,Vianopolis,BR,2022-07-26 02:03:18,-16.7419,-48.5164,289.63,54,0,2.58
46,Punta Arenas,CL,2022-07-26 02:00:48,-53.15,-70.9167,272.1,74,8,4.32
47,Faanui,PF,2022-07-26 02:02:08,-16.4833,-151.75,298.5,76,83,4.33
48,Hualmay,PE,2022-07-26 02:04:20,-11.0964,-77.6139,289.74,84,64,4.94
49,San Patricio,US,2022-07-26 02:04:20,28.017,-97.5169,303.2,66,32,6.61
50,Rikitea,PF,2022-07-26 02:04:21,-23.1203,-134.9692,297.34,74,44,4.98
51,Grindavik,IS,2022-07-26 02:04:21,63.8424,-22.4338,283.41,100,75,3.6
52,Tual,ID,2022-07-26 02:04:22,-5.6667,132.75,299.47,83,45,9.86
53,Tasiilaq,GL,2022-07-26 02:04:22,65.6145,-37.6368,278.24,89,100,1.09
54,Graaff-Reinet,ZA,2022-07-26 02:04:23,-32.2522,24.5308,282.24,38,0,3.91
55,Chokurdakh,RU,2022-07-26 02:04:23,70.6333,147.9167,290.41,33,46,6.74
56,Lompoc,US,2022-07-26 02:00:54,34.6391,-120.4579,297.23,76,0,4.47
57,Saint-Philippe,RE,2022-07-26 02:04:24,-21.3585,55.7679,291.05,83,59,5.1
58,Cape Town,ZA,2022-07-26 02:04:25,-33.9258,18.4232,287.8,63,1,1.83
59,Talnakh,RU,2022-07-26 02:00:40,69.4865,88.3972,289.38,57,31,3.21
60,Geraldton,AU,2022-07-26 02:04:26,-28.7667,114.6,284.38,76,45,5.66
61,Kabinda,CD,2022-07-26 02:04:26,-6.1333,24.4833,294.66,37,57,2.52
62,Port Alfred,ZA,2022-07-26 02:04:27,-33.5906,26.891,282.69,85,0,0.45
63,Pevek,RU,2022-07-26 02:04:27,69.7008,170.3133,276.7,74,71,7.1
64,Port Hedland,AU,2022-07-26 02:00:49,-20.3167,118.5667,296.18,28,5,6.17
65,College Station,US,2022-07-26 02:03:02,30.628,-96.3344,307.23,48,0,7.72
66,Sao Joao Da Barra,BR,2022-07-26 02:04:19,-21.6403,-41.0511,294.61,83,0,4.89
67,Seydi,TM,2022-07-26 02:04:29,39.4816,62.9137,302.18,26,0,11.1
68,Acari,PE,2022-07-26 02:04:29,-15.4311,-74.6158,291.19,72,59,1.45
69,Ahar,IR,2022-07-26 02:04:30,38.4774,47.0699,288.96,86,68,2.25
70,Hamina,FI,2022-07-26 02:04:31,60.5697,27.1979,289.75,78,100,4.15
71,Port Moresby,PG,2022-07-26 02:04:31,-9.4431,147.1797,301.62,71,25,6.17
72,Upernavik,GL,2022-07-26 02:04:32,72.7868,-56.1549,276.84,89,80,4.41
73,Kaitangata,NZ,2022-07-26 02:04:32,-46.2817,169.8464,280.29,93,100,7.87
74,East London,ZA,2022-07-26 02:00:39,-33.0153,27.9116,285.9,72,0,5.64
75,Drumnadrochit,GB,2022-07-26 02:04:33,57.3344,-4.4799,284.05,93,100,2.29
76,Ilhabela,BR,2022-07-26 02:04:34,-23.7781,-45.3581,292.01,85,72,1.51
77,Kalmunai,LK,2022-07-26 02:00:24,7.4167,81.8167,300.39,75,98,2.06
78,Yeppoon,AU,2022-07-26 02:01:40,-23.1333,150.7333,295.03,67,2,1.11
79,Hasaki,JP,2022-07-26 02:04:35,35.7333,140.8333,300.37,82,100,9.13
80,Saint-Augustin,CA,2022-07-26 02:04:35,51.226,-58.6502,288.28,99,100,0.99
81,Angoche,MZ,2022-07-26 02:03:53,-16.2325,39.9086,294.47,73,7,4.61
82,Airai,TL,2022-07-26 02:04:36,-8.9266,125.4092,295.27,36,15,1.93
83,Saint George,US,2022-07-26 01:59:48,37.1041,-113.5841,298.84,64,100,3.2
84,Ibipeba,BR,2022-07-26 02:04:37,-11.6408,-42.0111,290.62,78,98,3.0
85,Cherskiy,RU,2022-07-26 02:04:38,68.75,161.3,287.38,38,56,6.31
86,Itupiranga,BR,2022-07-26 02:04:38,-5.1347,-49.3267,297.33,61,19,0.94
87,Castro,BR,2022-07-26 02:04:39,-24.7911,-50.0119,287.4,76,45,1.28
88,Victoria,HK,2022-07-26 02:00:55,22.2855,114.1577,306.46,74,23,4.47
89,Piacabucu,BR,2022-07-26 02:04:39,-10.4056,-36.4344,295.52,79,99,3.9
90,Provideniya,RU,2022-07-26 02:04:40,64.3833,-173.3,283.35,62,75,7.15
91,Suzhou,CN,2022-07-26 02:01:55,31.3114,120.6181,306.34,57,19,3.23
92,Hithadhoo,MV,2022-07-26 02:05:41,-0.6,73.0833,301.42,74,25,5.75
93,Bakchar,RU,2022-07-26 02:05:41,57.0186,82.0711,288.94,88,96,1.36
94,Urumqi,CN,2022-07-26 02:05:42,43.801,87.6005,296.68,41,0,4.0
95,Ostrovnoy,RU,2022-07-26 02:05:42,68.0531,39.5131,285.05,71,97,6.03
96,Xingyi,CN,2022-07-26 02:05:43,24.1877,102.817,295.93,65,0,2.37
97,Asau,RO,2022-07-26 02:05:43,46.4333,26.4,291.46,89,0,1.63
98,Iqaluit,CA,2022-07-26 02:05:44,63.7506,-68.5145,279.65,93,68,2.68
99,Atuona,PF,2022-07-26 02:05:44,-9.8,-139.0333,298.52,68,0,4.27
100,Bengkulu,ID,2022-07-26 02:05:45,-3.8004,102.2655,298.62,73,100,0.78
101,Saldanha,ZA,2022-07-26 02:05:45,-33.0117,17.9442,286.03,48,1,3.52
102,San Quintin,MX,2022-07-26 02:05:46,30.4833,-115.95,293.64,78,0,4.8
103,Dikson,RU,2022-07-26 02:02:00,73.5069,80.5464,280.18,91,100,11.56
104,Lewiston,US,2022-07-26 02:05:47,44.1003,-70.2148,294.66,96,75,0.0
105,Yellowknife,CA,2022-07-26 02:05:47,62.456,-114.3525,292.9,42,10,5.35
106,Mbuji-Mayi,CD,2022-07-26 02:05:48,-6.15,23.6,299.05,31,79,1.75
107,Kirkenaer,NO,2022-07-26 02:05:48,60.4564,12.0582,287.05,94,100,2.69
108,Tabuk,PH,2022-07-26 02:05:49,17.4189,121.4443,302.71,70,99,1.83
109,San Rafael,AR,2022-07-26 02:03:23,-34.6177,-68.3301,281.99,93,42,1.04
110,Tiksi,RU,2022-07-26 02:05:49,71.6872,128.8694,284.09,79,84,1.93
111,Sitka,US,2022-07-26 02:05:32,57.0531,-135.33,287.09,94,100,1.54
112,Zig,US,2022-07-26 02:05:50,40.127,-92.7663,293.24,93,100,3.09
113,Savalou,BJ,2022-07-26 02:05:51,7.9281,1.9756,295.66,96,98,1.51
114,Capaci,IT,2022-07-26 02:05:51,38.1711,13.2393,300.51,67,0,1.54
115,Albany,US,2022-07-26 02:04:58,42.6001,-73.9662,295.07,64,0,3.81
116,Takoradi,GH,2022-07-26 02:02:53,4.8845,-1.7554,296.23,89,83,2.96
117,Leningradskiy,RU,2022-07-26 02:05:53,69.3833,178.4167,274.69,89,99,2.55
118,Lakes Entrance,AU,2022-07-26 02:05:53,-37.8811,147.981,286.57,72,100,7.0
119,Mahebourg,MU,2022-07-26 02:05:54,-20.4081,57.7,293.31,88,40,2.06
120,Lebanon,US,2022-07-26 02:05:46,36.2081,-86.2911,299.53,87,100,6.69
121,Ponta Delgada,PT,2022-07-26 02:02:57,37.7333,-25.6667,295.55,88,40,1.03
122,Hambantota,LK,2022-07-26 02:05:55,6.1241,81.1185,297.34,100,20,1.03
123,Halifax,CA,2022-07-26 02:03:44,44.6453,-63.5724,292.98,95,100,4.92
124,Severo-Kurilsk,RU,2022-07-26 02:05:56,50.6789,156.125,285.86,79,46,4.7
125,San Pedro,PH,2022-07-26 02:05:57,14.35,121.0167,303.85,72,20,2.57
126,Longyearbyen,SJ,2022-07-26 02:00:57,78.2186,15.6401,282.06,81,75,5.66
127,Bluff,NZ,2022-07-26 02:05:57,-46.6,168.3333,281.37,89,100,12.09
128,Vaini,TO,2022-07-26 02:05:58,-21.2,-175.2,298.24,88,20,5.14
129,Emerald,AU,2022-07-26 02:04:44,-23.5333,148.1667,295.56,58,0,1.24
130,Dhidhdhoo,MV,2022-07-26 02:05:39,6.8833,73.1,300.67,78,34,7.66
131,Qandala,SO,2022-07-26 02:05:59,11.472,49.8728,303.97,47,48,4.47
132,Cidreira,BR,2022-07-26 02:05:59,-30.1811,-50.2056,289.12,95,5,3.11
133,Wildwood,US,2022-07-26 02:06:00,38.5828,-90.6629,297.63,72,100,3.6
134,College,US,2022-07-26 02:01:53,64.8569,-147.8028,299.59,44,67,2.68
135,Hamilton,US,2022-07-26 02:07:01,39.1834,-84.5333,298.07,80,0,2.57
136,Comodoro Rivadavia,AR,2022-07-26 02:03:11,-45.8667,-67.5,277.19,77,59,4.25
137,Pangnirtung,CA,2022-07-26 02:07:02,66.1451,-65.7125,280.8,80,32,2.2
138,Lazaro Cardenas,MX,2022-07-26 02:04:02,17.9583,-102.2,299.1,85,99,1.4
139,Santo Domingo,DO,2022-07-26 02:06:04,18.5001,-69.9886,299.28,89,40,2.24
140,Itarema,BR,2022-07-26 02:05:21,-2.9248,-39.9167,298.09,80,76,5.46
141,Dandong,CN,2022-07-26 02:07:03,40.1292,124.3947,300.39,77,100,0.71
142,Bethel,US,2022-07-26 02:07:04,41.3712,-73.414,299.35,90,20,0.0
143,Thompson,CA,2022-07-26 02:06:40,55.7435,-97.8558,285.82,89,100,1.87
144,Cehegin,ES,2022-07-26 02:07:05,38.0924,-1.7985,299.4,16,1,1.55
145,Kunashak,RU,2022-07-26 02:07:05,55.7032,61.5498,291.44,82,78,1.95
146,Sharan,RU,2022-07-26 02:07:06,54.8167,54.0,290.81,84,15,0.45
147,Kolda,SN,2022-07-26 02:07:06,12.8833,-14.95,296.46,98,100,1.2
148,Ruwi,OM,2022-07-26 02:07:07,23.5996,58.5507,303.98,80,100,3.85
149,Tessalit,ML,2022-07-26 02:07:07,20.1986,1.0114,305.8,9,0,3.78
150,Kodiak,US,2022-07-26 02:02:55,57.79,-152.4072,286.18,71,99,1.82
151,Kalanguy,RU,2022-07-26 02:07:08,51.0167,116.5167,292.25,87,100,4.25
152,Puerto Escondido,MX,2022-07-26 02:07:08,15.85,-97.0667,300.61,65,75,2.06
153,Pacific Grove,US,2022-07-26 02:07:09,36.6177,-121.9166,292.05,83,75,4.63
154,Alofi,NU,2022-07-26 02:07:09,-19.0595,-169.9187,298.09,65,75,7.2
155,Antofagasta,CL,2022-07-26 02:05:13,-23.65,-70.4,286.75,84,33,1.69
156,Vila Praia De Ancora,PT,2022-07-26 02:07:11,41.811,-8.8526,290.87,86,0,3.74
157,Fairbanks,US,2022-07-26 02:06:33,64.8378,-147.7164,299.6,42,0,11.83
158,Najran,SA,2022-07-26 02:07:11,17.4924,44.1277,296.34,58,100,2.04
159,Caravelas,BR,2022-07-26 02:07:12,-17.7125,-39.2481,293.5,87,8,2.33
160,Oranjestad,AW,2022-07-26 02:04:58,12.524,-70.027,301.12,74,20,9.26
161,Albufeira,PT,2022-07-26 02:07:13,37.0882,-8.2503,301.06,64,0,6.28
162,Partizanskoye,RU,2022-07-26 02:07:13,55.5006,94.39,288.2,70,54,5.54
163,Son La,VN,2022-07-26 02:06:21,21.3167,103.9,301.05,70,6,0.2
164,Ojhar,IN,2022-07-26 02:07:14,20.1,73.9333,295.26,91,100,3.53
165,Nanortalik,GL,2022-07-26 02:07:14,60.1432,-45.2371,279.05,97,100,3.44
166,Leshukonskoye,RU,2022-07-26 02:07:15,64.8989,45.7622,283.46,77,10,1.27
167,Muzhi,RU,2022-07-26 02:07:15,65.3667,64.6667,285.31,63,35,6.93
168,Aswan,EG,2022-07-26 02:07:16,24.0934,32.907,302.58,16,15,3.7
169,Asfi,MA,2022-07-26 02:07:16,32.2994,-9.2372,298.28,56,9,4.58
170,Belawan,ID,2022-07-26 02:07:17,3.7755,98.6832,299.31,83,100,1.36
171,Portland,US,2022-07-26 02:05:06,45.5234,-122.6762,310.68,32,0,3.6
172,Hudson Bay,CA,2022-07-26 02:07:18,52.85,-102.3842,289.4,67,100,3.49
173,Tarakan,ID,2022-07-26 02:07:19,3.3,117.6333,300.42,76,67,2.65
174,Tukrah,LY,2022-07-26 02:07:19,32.5341,20.5791,298.4,83,0,2.47
175,Maceio,BR,2022-07-26 02:04:04,-9.6658,-35.7353,295.84,88,40,2.57
176,Polunochnoye,RU,2022-07-26 02:07:20,60.8697,60.4153,286.14,67,100,1.18
177,Rio Gallegos,AR,2022-07-26 02:07:21,-51.6226,-69.2181,270.18,80,0,3.09
178,Zhezkazgan,KZ,2022-07-26 02:07:21,47.8043,67.7144,294.14,30,0,5.0
179,Berlevag,NO,2022-07-26 02:07:22,70.8578,29.0864,287.12,82,100,3.09
180,Smoky Lake,CA,2022-07-26 02:07:22,54.1169,-112.4686,291.85,68,57,2.89
181,Khasan,RU,2022-07-26 02:08:23,42.4308,130.6434,296.82,82,64,1.23
182,Coihaique,CL,2022-07-26 02:08:24,-45.5752,-72.0662,269.12,93,0,1.03
183,Petropavlovsk-Kamchatskiy,RU,2022-07-26 02:03:50,53.0452,158.6483,289.48,63,75,3.0
184,Ponta Do Sol,PT,2022-07-26 02:08:25,32.6667,-17.1,304.5,42,99,2.97
185,Srednekolymsk,RU,2022-07-26 02:08:25,67.45,153.6833,291.09,31,83,5.89
186,Port Elizabeth,ZA,2022-07-26 02:08:26,-33.918,25.5701,282.21,89,0,0.89
187,Katwijk,NL,2022-07-26 02:08:26,52.1942,4.4222,292.01,84,22,5.79
188,Quzhou,CN,2022-07-26 02:08:27,28.9594,118.8686,306.22,59,54,0.4
189,Namibe,AO,2022-07-26 02:08:27,-15.1961,12.1522,289.21,85,4,3.34
190,West Odessa,US,2022-07-26 02:08:28,31.8424,-102.4988,307.16,26,0,9.26
191,Yershov,RU,2022-07-26 02:08:28,51.3513,48.2766,290.31,87,48,2.27
192,Tadine,NC,2022-07-26 02:08:29,-21.55,167.8833,296.03,68,21,5.9
193,Ancona,IT,2022-07-26 02:08:29,43.55,13.1667,301.12,56,0,2.06
194,Chuy,UY,2022-07-26 02:08:30,-33.6971,-53.4616,287.07,97,100,2.9
195,Filingue,NE,2022-07-26 02:08:30,14.3521,3.3168,301.77,61,100,8.69
196,Felipe Carrillo Puerto,MX,2022-07-26 02:08:31,19.5833,-88.05,298.05,87,26,1.65
197,Bundibugyo,UG,2022-07-26 02:08:31,0.7414,30.0417,293.19,86,96,1.07
198,Khatanga,RU,2022-07-26 02:08:32,71.9667,102.5,297.24,37,2,2.74
199,Vaitape,PF,2022-07-26 02:04:23,-16.5167,-151.75,298.38,76,88,4.21
200,Haines Junction,CA,2022-07-26 02:08:33,60.7522,-137.5108,288.57,74,85,3.67
201,Banjar,ID,2022-07-26 02:08:33,-8.19,114.9675,301.63,57,51,0.93
202,Puerto Ayora,EC,2022-07-26 02:08:34,-0.7393,-90.3518,294.57,94,98,2.24
203,Bambous Virieux,MU,2022-07-26 02:05:56,-20.3428,57.7575,293.29,88,40,2.06
204,Mattru,SL,2022-07-26 02:08:35,7.6244,-11.8332,294.09,92,23,0.44
205,Diego De Almagro,CL,2022-07-26 02:08:35,-26.3667,-70.05,288.16,48,0,0.71
206,Opuwo,NA,2022-07-26 02:08:36,-18.0607,13.84,288.95,34,33,2.68
207,Komsomolets,KZ,2022-07-26 02:08:36,53.7453,62.0708,292.75,77,100,1.92
208,Ketchikan,US,2022-07-26 02:08:37,55.3422,-131.6461,292.41,72,20,5.66
209,Vietri Sul Mare,IT,2022-07-26 02:08:38,40.6687,14.7253,299.63,89,2,1.21
210,Changji,CN,2022-07-26 02:08:38,44.0167,87.3167,298.59,41,0,4.0
211,Nelson Bay,AU,2022-07-26 02:08:39,-32.7167,152.15,289.31,92,28,0.89
212,Drawsko Pomorskie,PL,2022-07-26 02:08:39,53.5306,15.8097,290.31,90,100,3.3
213,Muriwai Beach,NZ,2022-07-26 02:08:40,-36.8167,174.45,287.14,91,100,9.85
214,Mirnyy,RU,2022-07-26 02:08:40,62.5353,113.9611,301.06,61,0,4.02
215,Jennings,US,2022-07-26 02:08:41,38.7192,-90.2604,297.58,75,100,2.57
216,Eenhana,NA,2022-07-26 02:08:41,-17.4667,16.3333,287.01,38,6,2.25
217,Ancud,CL,2022-07-26 02:08:42,-41.8697,-73.8203,281.82,94,100,3.69
218,Kanaya,JP,2022-07-26 02:08:42,34.8167,138.1333,299.1,94,75,2.57
219,Sunndalsora,NO,2022-07-26 02:08:43,62.6754,8.5515,288.43,98,100,2.71
220,Nelson,NZ,2022-07-26 02:08:43,-41.2833,173.2833,283.82,94,100,1.59
221,Bacolod,PH,2022-07-26 02:08:44,10.6667,122.95,302.29,76,80,3.18
222,Ambulu,ID,2022-07-26 02:04:46,-8.345,113.6058,299.41,67,28,1.82
223,Besancon,FR,2022-07-26 02:08:44,47.2488,6.0182,293.26,90,100,1.68
224,Sorland,NO,2022-07-26 02:08:45,67.667,12.6934,285.07,90,100,7.68
225,Kahului,US,2022-07-26 02:08:45,20.8947,-156.47,303.16,63,40,9.77
226,Raymond,US,2022-07-26 02:09:46,43.9015,-70.4703,295.1,87,4,3.04
227,Kismayo,SO,2022-07-26 02:09:47,-0.3582,42.5454,297.06,80,86,7.39
228,Gamba,GA,2022-07-26 02:09:47,-2.65,10.0,294.96,85,100,1.83
229,Ilmajoki,FI,2022-07-26 02:09:48,62.7333,22.5667,291.46,85,75,5.14
230,Neuquen,AR,2022-07-26 02:08:45,-38.9516,-68.0591,280.09,87,100,2.06
231,Bulancak,TR,2022-07-26 02:09:49,40.9372,38.2291,292.05,88,0,1.54
232,Kutum,SD,2022-07-26 02:09:49,14.2,24.6667,299.31,48,51,1.75
233,Okakarara,NA,2022-07-26 02:09:50,-20.5833,17.4333,285.66,43,25,0.83
234,Nishihara,JP,2022-07-26 02:09:50,26.1842,127.7558,304.64,83,40,5.14
235,Kavaratti,IN,2022-07-26 02:08:48,10.5669,72.642,300.63,74,28,7.27
236,Poum,NC,2022-07-26 02:09:51,-20.2333,164.0167,296.42,68,0,3.94
237,Mount Gambier,AU,2022-07-26 02:09:52,-37.8333,140.7667,285.1,58,75,8.23
238,Ribeira Grande,PT,2022-07-26 02:09:52,38.5167,-28.7,296.68,90,10,2.37
239,Ola,RU,2022-07-26 02:09:53,59.5833,151.2833,299.34,76,0,3.38
240,Quarai,BR,2022-07-26 02:09:53,-30.3875,-56.4514,291.97,93,5,4.21
241,Salym,RU,2022-07-26 02:09:54,60.0625,71.4789,291.53,90,55,2.15
242,Sao Filipe,CV,2022-07-26 02:09:54,14.8961,-24.4956,298.75,88,90,3.23
243,Madang,PG,2022-07-26 02:09:55,-5.2246,145.7966,301.6,80,35,2.59
244,Sampit,ID,2022-07-26 02:09:55,-2.5333,112.95,302.26,67,82,1.93
245,Tiarei,PF,2022-07-26 02:09:56,-17.5333,-149.3333,299.16,85,78,4.0
246,Dom Pedrito,BR,2022-07-26 02:09:56,-30.9828,-54.6731,291.11,95,0,2.53
247,Chany,RU,2022-07-26 02:09:57,55.3121,76.7647,293.39,70,4,3.34
248,Carlos Chagas,BR,2022-07-26 02:09:57,-17.7031,-40.7664,290.83,93,0,1.29
249,Beloha,MG,2022-07-26 02:09:58,-25.1667,45.05,289.65,85,10,2.2
250,Anchorage,US,2022-07-26 02:05:38,61.2181,-149.9003,293.45,63,100,9.26
251,Bahia Blanca,AR,2022-07-26 02:09:58,-38.7196,-62.2724,284.67,87,100,1.31
252,Aquiraz,BR,2022-07-26 02:07:38,-3.9014,-38.3911,299.2,82,82,5.37
253,Kudahuvadhoo,MV,2022-07-26 02:09:05,2.6708,72.8944,299.7,80,100,7.06
254,Macia,MZ,2022-07-26 02:10:00,-25.0269,33.0989,285.77,86,0,2.17
255,Hilo,US,2022-07-26 02:06:48,19.7297,-155.09,304.42,91,75,2.06
256,Beringovskiy,RU,2022-07-26 02:10:01,63.05,179.3167,280.52,83,100,2.63
257,Nyurba,RU,2022-07-26 02:05:08,63.2842,118.3319,301.58,54,0,4.12
258,Bowen,AU,2022-07-26 02:10:01,-20.0167,148.2333,295.42,62,73,2.58
259,Cabo San Lucas,MX,2022-07-26 02:07:56,22.8909,-109.9124,304.76,70,0,7.72
260,Luba,GQ,2022-07-26 02:10:03,3.4568,8.5547,297.58,91,100,3.57
261,Muli,MV,2022-07-26 02:10:03,2.9167,73.5667,300.03,79,32,7.17
262,Byron Bay,AU,2022-07-26 02:08:35,-28.65,153.6167,296.45,57,0,3.37
263,Los Andes,CL,2022-07-26 02:10:04,-32.8337,-70.5983,283.71,87,85,0.52
264,Clarksdale,US,2022-07-26 02:10:05,34.2001,-90.5709,303.14,79,0,3.09
265,Clyde River,CA,2022-07-26 02:08:33,70.4692,-68.5914,277.02,85,99,1.59
266,Pueblo,US,2022-07-26 02:10:06,38.2545,-104.6091,297.57,83,100,5.14
267,Balabac,PH,2022-07-26 02:10:06,7.9868,117.0645,301.3,80,100,3.79
268,Loandjili,CG,2022-07-26 02:10:07,-4.7561,11.8578,294.74,89,93,3.02
269,Biak,ID,2022-07-26 02:11:07,-0.9131,122.8766,300.18,74,58,3.06
270,Dukat,RU,2022-07-26 02:11:08,62.55,155.55,293.22,33,70,6.45
271,Sacramento,US,2022-07-26 02:11:09,38.4666,-121.3177,308.32,38,0,5.14
272,Voyvozh,RU,2022-07-26 02:11:09,62.892,54.9635,283.62,69,41,2.22
273,Baruun-Urt,MN,2022-07-26 02:11:09,46.6806,113.2792,291.38,77,100,3.26
274,Jacareacanga,BR,2022-07-26 02:11:10,-6.2222,-57.7528,297.42,56,0,1.1
275,Birao,CF,2022-07-26 02:11:10,10.2849,22.7882,294.49,96,100,1.89
276,San Cristobal,VE,2022-07-26 02:08:58,7.7669,-72.225,296.25,96,61,1.06
277,Mareeba,AU,2022-07-26 02:11:11,-17.0,145.4333,297.84,70,1,2.49
278,Parintins,BR,2022-07-26 02:11:12,-2.6283,-56.7358,297.74,75,15,1.51
279,Ntoum,GA,2022-07-26 02:11:12,0.3833,9.7833,296.06,88,100,2.26
280,Hobe Sound,US,2022-07-26 02:11:13,27.0595,-80.1364,302.56,80,0,5.5
281,Torring,DK,2022-07-26 02:11:13,55.85,9.4833,289.03,89,88,5.92
282,Tura,IN,2022-07-26 02:11:14,25.5198,90.2201,296.7,97,100,1.69
283,Kommunar,RU,2022-07-26 02:11:14,59.6206,30.39,288.4,88,80,1.39
284,Prince Rupert,CA,2022-07-26 02:11:15,54.3161,-130.3201,291.98,88,37,9.26
285,Pa Daet,TH,2022-07-26 02:11:15,19.5049,99.9924,304.31,70,10,0.18
286,Necochea,AR,2022-07-26 02:11:16,-38.5473,-58.7368,284.85,94,100,5.11
287,Kattivakkam,IN,2022-07-26 02:11:17,13.2167,80.3167,301.2,87,100,3.89
288,Raver,IN,2022-07-26 02:08:15,21.25,76.0333,298.43,83,100,3.2
289,Banda Aceh,ID,2022-07-26 02:11:17,5.5577,95.3222,300.48,74,100,2.62
290,Vardo,NO,2022-07-26 02:11:18,70.3705,31.1107,285.14,94,100,3.6
291,Sibiti,CG,2022-07-26 02:11:18,-3.6819,13.3499,292.77,92,88,1.92
292,Buraydah,SA,2022-07-26 02:11:19,26.326,43.975,301.93,20,24,0.74
293,Svetlaya,RU,2022-07-26 02:11:19,46.5389,138.3297,296.43,71,10,2.3
294,Roald,NO,2022-07-26 02:11:20,62.5833,6.1333,289.35,72,100,3.09
295,Avera,US,2022-07-26 02:11:20,33.194,-82.5271,300.88,64,100,2.05
296,Lerwick,GB,2022-07-26 02:09:21,60.1545,-1.1494,283.15,76,100,10.03
297,Alta Floresta,BR,2022-07-26 02:11:21,-9.8756,-56.0861,295.79,43,100,1.88
298,Baranchinskiy,RU,2022-07-26 02:11:22,58.1617,59.6991,290.53,96,81,2.24
299,Faya,SA,2022-07-26 02:08:34,18.3851,42.4509,289.44,54,100,3.92
300,Veinticinco De Mayo,AR,2022-07-26 02:09:18,-35.4323,-60.1727,287.58,99,100,4.61
301,Bhachau,IN,2022-07-26 02:11:23,23.2833,70.35,299.89,84,100,4.54
302,Bubaque,GW,2022-07-26 02:11:23,11.2833,-15.8333,298.91,81,94,4.82
303,Vanavara,RU,2022-07-26 02:11:24,60.34,102.2797,289.26,94,100,3.74
304,Kirakira,SB,2022-07-26 02:11:25,-10.4544,161.9205,302.08,74,25,3.99
305,Emba,KZ,2022-07-26 02:11:25,48.8264,58.1442,295.46,56,100,6.07
306,Koroni,GR,2022-07-26 02:11:26,36.8,21.95,299.3,64,0,1.54
307,Moron,AR,2022-07-26 02:11:26,-34.6534,-58.6198,290.07,99,40,3.09
308,Dunedin,NZ,2022-07-26 02:11:27,-45.8742,170.5036,280.61,94,100,8.93
309,Paltinoasa,RO,2022-07-26 02:11:27,47.55,25.95,291.78,68,0,1.76
310,Lagoa,PT,2022-07-26 02:08:36,39.05,-27.9833,296.03,91,0,4.35
311,Whyalla,AU,2022-07-26 02:11:28,-33.0333,137.5833,287.34,54,42,5.44
312,Broken Hill,AU,2022-07-26 02:10:19,-31.95,141.4333,285.56,42,0,8.15
313,Saint-Pierre,RE,2022-07-26 02:11:29,-21.3393,55.4781,292.54,67,40,3.6
314,Straumen,NO,2022-07-26 02:11:30,63.8709,11.2999,289.15,96,100,3.42
315,Outjo,NA,2022-07-26 02:11:31,-20.1167,16.15,287.47,39,25,3.25
316,Houlton,US,2022-07-26 02:11:31,46.1262,-67.8403,294.38,80,20,2.06
317,Melo,UY,2022-07-26 02:12:32,-32.3667,-54.1833,289.19,96,79,4.36
318,Puerto Penasco,MX,2022-07-26 02:12:32,31.3167,-113.5333,303.66,73,1,3.58
319,Homer,US,2022-07-26 02:12:33,59.6425,-151.5483,289.08,69,100,6.69
320,Magadan,RU,2022-07-26 02:12:34,59.5667,150.8,299.0,72,0,3.11
321,Qom,IR,2022-07-26 02:12:34,34.6401,50.8764,297.99,44,0,2.09
322,Pisco,PE,2022-07-26 02:12:35,-13.7,-76.2167,289.18,88,80,5.14
323,Juazeiro Do Norte,BR,2022-07-26 02:12:35,-7.2131,-39.3153,294.19,68,99,3.85
324,Zhuhai,CN,2022-07-26 02:10:13,22.2769,113.5678,308.63,70,40,4.63
325,Adrar,MR,2022-07-26 02:12:36,20.5022,-10.0711,305.68,32,11,3.55
326,Isangel,VU,2022-07-26 02:09:35,-19.55,169.2667,296.95,88,98,5.93
327,North Branch,US,2022-07-26 02:12:37,45.5113,-92.9802,296.19,77,100,1.96
328,Atar,MR,2022-07-26 02:12:38,20.5169,-13.0499,305.98,42,99,2.3
329,Shimoda,JP,2022-07-26 02:12:38,34.6667,138.95,299.32,87,100,5.3
330,Kontagora,NG,2022-07-26 02:12:39,10.3999,5.4695,294.31,94,100,2.18
331,Yar-Sale,RU,2022-07-26 02:12:40,66.8333,70.8333,284.15,72,28,9.08
332,Platanos,GR,2022-07-26 02:12:40,37.6667,21.6167,299.02,50,0,1.69
333,Lugoba,TZ,2022-07-26 02:12:41,-6.45,38.3333,291.67,91,73,1.5
334,Yaan,NG,2022-07-26 02:12:41,7.3833,8.5667,295.39,95,100,2.85
335,Half Moon Bay,US,2022-07-26 02:12:42,37.4636,-122.4286,297.05,77,20,8.23
336,Rawson,AR,2022-07-26 02:10:42,-43.3002,-65.1023,281.31,93,75,2.06
337,Samarai,PG,2022-07-26 02:12:43,-10.6167,150.6667,299.74,75,95,7.23
338,Musoma,TZ,2022-07-26 02:12:44,-1.5,33.8,293.72,52,36,5.06
339,Sibu,MY,2022-07-26 02:12:45,2.3,111.8167,297.37,94,100,1.93
340,Manoel Urbano,BR,2022-07-26 02:12:45,-8.8389,-69.2597,299.29,68,100,0.51
341,Calbuco,CL,2022-07-26 02:12:46,-41.768,-73.1273,282.71,86,100,4.89
342,Korla,CN,2022-07-26 02:12:47,41.7597,86.1469,303.37,22,0,0.58
343,Kieta,PG,2022-07-26 02:12:47,-6.2167,155.6333,301.5,72,55,1.72
344,Kahama,TZ,2022-07-26 02:12:48,-3.8333,32.6,291.42,56,17,4.37
345,Aykhal,RU,2022-07-26 02:12:48,66.0,111.5,295.56,72,100,5.01
346,Aplaya,PH,2022-07-26 02:12:49,8.6086,124.7681,302.38,74,99,1.72
347,Takhtamygda,RU,2022-07-26 02:12:49,54.1,123.5667,301.56,45,7,2.38
348,Tuatapere,NZ,2022-07-26 02:08:41,-46.1333,167.6833,280.36,94,100,5.98
349,Sarkand,KZ,2022-07-26 02:12:51,45.41,79.9186,298.03,21,69,1.51
350,Riverton,US,2022-07-26 02:09:49,40.5219,-111.9391,306.57,27,0,2.06
351,Shumskiy,RU,2022-07-26 02:12:52,54.8318,99.1328,290.05,55,100,6.27
352,Luancheng,CN,2022-07-26 02:12:52,37.8792,114.6517,301.35,66,31,0.87
353,Ulaangom,MN,2022-07-26 02:12:53,49.9811,92.0667,291.38,39,7,2.03
354,Port Augusta,AU,2022-07-26 02:09:02,-32.5,137.7667,288.51,47,1,5.42
355,Fortuna,US,2022-07-26 02:08:02,40.5982,-124.1573,294.22,69,37,0.45
356,Devils Lake,US,2022-07-26 02:12:54,48.1128,-98.8651,297.01,74,0,3.6
357,Ust-Kut,RU,2022-07-26 02:12:55,56.7938,105.7672,293.57,82,37,4.4
358,Ilulissat,GL,2022-07-26 02:12:55,69.2167,-51.1,280.16,93,100,0.0
359,Jutai,BR,2022-07-26 02:12:56,-5.1833,-68.9,298.09,80,78,1.09
360,Norwich,GB,2022-07-26 02:12:57,52.6278,1.2983,288.91,91,75,3.09
361,Las Vegas,US,2022-07-26 02:12:58,36.175,-115.1372,300.78,67,0,5.66
362,Rezekne,LV,2022-07-26 02:13:58,56.5,27.3167,286.4,84,45,1.21
363,Vila Velha,BR,2022-07-26 02:13:59,-20.3297,-40.2925,293.68,89,40,1.03
364,Christchurch,NZ,2022-07-26 02:13:29,-43.5333,172.6333,284.21,97,100,3.6
365,Lethem,GY,2022-07-26 02:14:00,3.3803,-59.7968,296.87,93,96,2.55
366,Batticaloa,LK,2022-07-26 02:14:01,7.7102,81.6924,300.1,78,100,2.68
367,Dalby,AU,2022-07-26 02:14:02,-27.1833,151.2667,293.7,58,0,2.24
368,Okha,RU,2022-07-26 02:14:02,53.5739,142.9478,287.48,95,100,3.78
369,Viedma,AR,2022-07-26 02:10:26,-40.8135,-62.9967,282.04,94,100,2.61
370,Sola,VU,2022-07-26 02:14:03,-13.8833,167.55,300.02,76,4,4.52
371,Tekeli,KZ,2022-07-26 02:14:04,44.83,78.8239,298.83,23,98,1.29
372,Magistralnyy,RU,2022-07-26 02:09:11,56.1725,107.4458,295.25,58,29,4.94
373,Mar Del Plata,AR,2022-07-26 02:14:05,-38.0023,-57.5575,285.98,96,100,7.6
374,Plettenberg Bay,ZA,2022-07-26 02:14:05,-34.0527,23.3716,285.67,58,0,2.82
375,Ranong,TH,2022-07-26 02:14:06,9.9658,98.6348,301.36,76,98,1.17
376,Scottsbluff,US,2022-07-26 02:11:12,41.8666,-103.6672,302.77,49,0,5.14
377,Calvia,ES,2022-07-26 02:14:07,39.5657,2.5062,299.41,78,0,5.95
378,Lac Du Bonnet,CA,2022-07-26 02:14:08,50.2536,-96.0612,292.41,79,99,2.3
379,Ust-Tsilma,RU,2022-07-26 02:14:08,65.441,52.1498,283.14,73,100,3.78
380,Georgiyevka,KZ,2022-07-26 02:14:09,43.0369,74.7114,296.17,53,0,3.0
381,Zhoucheng,CN,2022-07-26 02:14:09,35.9122,116.3117,299.33,82,66,3.75
382,Muroto,JP,2022-07-26 02:14:10,33.2833,134.15,301.07,76,74,2.28
383,Choma,ZM,2022-07-26 02:14:10,-16.8065,26.9531,284.8,59,0,2.33
384,Arlit,NE,2022-07-26 02:10:17,18.7369,7.3853,307.92,15,10,3.45
385,Salalah,OM,2022-07-26 02:14:12,17.0151,54.0924,297.2,100,100,3.6
386,Bom Jesus Da Lapa,BR,2022-07-26 02:14:12,-13.255,-43.4181,294.25,53,74,2.88
387,Houston,US,2022-07-26 02:10:38,29.7633,-95.3633,305.01,66,0,8.75
388,Kodinar,IN,2022-07-26 02:14:14,20.7903,70.7031,300.69,79,100,6.48
389,Ilo,PE,2022-07-26 02:14:14,-17.6394,-71.3375,288.32,85,67,3.33
390,Krasnoselkup,RU,2022-07-26 02:09:37,65.7,82.4667,286.89,80,100,3.86
391,George,ZA,2022-07-26 02:14:16,-33.963,22.4617,280.9,71,0,2.06
392,Zongozotla,MX,2022-07-26 02:14:16,19.9833,-97.7333,293.33,95,100,0.35
393,Kelvington,CA,2022-07-26 02:14:17,52.1667,-103.5343,286.97,79,64,3.18
394,Matara,LK,2022-07-26 02:14:17,5.9485,80.5353,299.51,82,79,5.02
395,Richards Bay,ZA,2022-07-26 02:14:18,-28.783,32.0377,285.96,79,3,2.28
396,Seguela,CI,2022-07-26 02:14:18,7.9611,-6.6731,293.63,90,8,0.87
397,Narsaq,GL,2022-07-26 02:14:19,60.9167,-46.05,284.27,91,100,0.51
398,Tautira,PF,2022-07-26 02:14:19,-17.7333,-149.15,296.49,93,97,4.22
399,Deputatskiy,RU,2022-07-26 02:14:20,69.3,139.9,290.61,57,99,2.56
400,Fort Nelson,CA,2022-07-26 02:14:20,58.8053,-122.7002,296.92,46,75,1.03
401,Truth Or Consequences,US,2022-07-26 02:13:00,33.1284,-107.2528,306.28,35,0,5.66
402,Kruisfontein,ZA,2022-07-26 02:14:21,-34.0033,24.7314,281.39,71,0,2.96
403,Dingle,PH,2022-07-26 02:14:22,10.9995,122.6711,302.51,76,70,2.95
404,Gazojak,TM,2022-07-26 02:14:23,41.1875,61.4036,300.93,41,96,9.52
405,Salinopolis,BR,2022-07-26 02:14:23,-0.6136,-47.3561,299.21,84,100,4.17
406,Rio Grande,BR,2022-07-26 02:14:24,-32.035,-52.0986,289.23,98,96,2.96
407,Basoko,CD,2022-07-26 02:14:24,1.2391,23.616,294.99,94,98,0.97
408,Valparaiso,CL,2022-07-26 02:14:25,-33.0393,-71.6273,285.95,76,75,1.54
409,Kachiry,KZ,2022-07-26 02:14:25,53.0675,76.1036,296.34,46,3,2.39
410,Lasa,IT,2022-07-26 02:15:26,46.6166,10.7002,288.91,93,99,1.89
411,Eyemouth,GB,2022-07-26 02:15:26,55.8713,-2.0901,285.27,77,100,2.53
412,Torbay,CA,2022-07-26 02:15:27,47.6666,-52.7314,293.37,92,100,10.8
413,Guerrero Negro,MX,2022-07-26 02:15:22,27.9769,-114.0611,294.54,78,5,7.12
414,Morant Bay,JM,2022-07-26 02:11:25,17.8815,-76.4093,297.99,83,86,4.16
415,Aguimes,ES,2022-07-26 02:15:29,27.9054,-15.4461,299.07,61,0,9.77
416,Gewane,ET,2022-07-26 02:15:29,10.1664,40.6453,300.4,54,100,3.77
417,San Miguel,SV,2022-07-26 02:15:30,13.4833,-88.1833,297.78,86,94,0.98
418,Santa Fe,AR,2022-07-26 02:15:30,-31.6333,-60.7,294.82,84,100,1.79
419,Ayan,RU,2022-07-26 02:15:31,56.45,138.1667,286.56,90,100,5.02
420,Sucua,EC,2022-07-26 02:15:31,-2.4667,-78.1667,293.25,98,98,1.02
421,Umm Lajj,SA,2022-07-26 02:15:32,25.0213,37.2685,301.58,68,83,2.2
422,Bemidji,US,2022-07-26 02:12:23,47.4736,-94.8803,293.2,75,0,0.0
423,Numan,NG,2022-07-26 02:15:33,9.4667,12.0333,296.15,89,100,4.64
424,Yumen,CN,2022-07-26 02:15:34,40.2833,97.2,298.95,26,86,2.26
425,Kitimat,CA,2022-07-26 02:15:35,54.0524,-128.6534,301.99,54,6,1.97
426,Kabo,CF,2022-07-26 02:15:36,7.6994,18.629,294.74,98,100,2.77
427,Mandalgovi,MN,2022-07-26 02:15:36,45.7625,106.2708,291.65,50,3,4.82
428,Marawi,PH,2022-07-26 02:15:37,7.9986,124.2928,300.86,63,97,0.83
429,Aklavik,CA,2022-07-26 02:15:38,68.2191,-135.0107,296.64,42,100,5.15
430,Burayevo,RU,2022-07-26 02:15:38,55.8407,55.4083,290.83,86,95,1.35
431,Lavrentiya,RU,2022-07-26 02:15:39,65.5833,-171.0,278.29,83,100,8.38
432,Nemuro,JP,2022-07-26 02:15:39,43.3236,145.575,292.17,84,6,3.4
433,Daru,PG,2022-07-26 02:15:40,-9.0763,143.2092,298.95,82,87,6.89
434,Bathsheba,BB,2022-07-26 02:15:40,13.2167,-59.5167,300.49,93,75,5.66
435,Pundaguitan,PH,2022-07-26 02:15:41,6.3711,126.1689,301.49,76,73,3.6
436,Khakhea,BW,2022-07-26 02:15:41,-24.6895,23.494,286.99,64,34,6.31
437,Constitucion,CL,2022-07-26 02:10:57,-35.3333,-72.4167,284.87,92,100,8.93
438,Padang,ID,2022-07-26 02:15:42,-0.9492,100.3543,298.18,84,100,1.68
439,Isla Vista,US,2022-07-26 02:15:43,34.4133,-119.861,301.12,60,0,4.63
440,Barcelos,PT,2022-07-26 02:15:43,41.5388,-8.6151,293.62,88,0,1.33
441,Saint Anthony,US,2022-07-26 02:15:44,45.0205,-93.218,295.32,66,0,3.09
442,Veliki Trnovac,RS,2022-07-26 02:15:44,42.4767,21.7405,289.41,54,0,0.69
443,Batagay,RU,2022-07-26 02:15:45,67.6333,134.6333,299.17,41,55,1.68
444,Maniitsoq,GL,2022-07-26 02:15:45,65.4167,-52.9,278.99,89,94,4.81
445,Razdolnoye,RU,2022-07-26 02:15:46,43.55,131.9167,296.38,73,100,1.63
446,Concordia,AR,2022-07-26 02:15:46,-31.393,-58.0209,294.7,84,96,5.36
447,Harper,LR,2022-07-26 02:15:47,4.375,-7.7169,295.85,79,3,2.13
448,Filadelfia,US,2022-07-26 02:13:57,39.9523,-75.1638,302.09,65,100,8.23
449,Bonaventure,CA,2022-07-26 02:15:48,48.0457,-65.4926,293.45,88,70,2.06
450,Praia Da Vitoria,PT,2022-07-26 02:15:49,38.7333,-27.0667,297.29,88,75,1.15
451,Acapulco,MX,2022-07-26 02:12:24,16.8634,-99.8901,302.05,70,40,1.54
452,Inuvik,CA,2022-07-26 02:15:50,68.3499,-133.7218,298.63,33,75,4.63
453,Port-Gentil,GA,2022-07-26 02:14:17,-0.7193,8.7815,296.65,78,96,6.2
454,Changuinola,PA,2022-07-26 02:15:51,9.4333,-82.5167,298.63,84,100,0.23
455,Kharp,RU,2022-07-26 02:15:51,66.8014,65.8081,282.75,81,97,6.26
456,Karuzi,BI,2022-07-26 02:15:52,-3.125,30.1333,289.01,68,67,0.91
457,Pitimbu,BR,2022-07-26 02:15:52,-7.4706,-34.8086,295.48,82,15,5.26
458,Charcas,MX,2022-07-26 02:16:53,23.1333,-101.1167,291.79,62,70,8.75
459,Ixtapa,MX,2022-07-26 02:16:54,20.7,-105.2,301.72,70,75,2.06
460,Parauna,BR,2022-07-26 02:16:54,-16.9478,-50.4486,293.81,41,0,1.91
461,Vostok,RU,2022-07-26 02:16:55,46.4856,135.8833,293.71,78,98,0.96
462,Guarda,PT,2022-07-26 02:16:56,40.5373,-7.2658,285.41,80,0,1.69
463,Souillac,MU,2022-07-26 02:16:56,-20.5167,57.5167,293.36,88,40,2.06
464,Lorengau,PG,2022-07-26 02:16:57,-2.0226,147.2712,301.4,76,92,3.59
465,Tumpat,MY,2022-07-26 02:14:12,6.1978,102.171,300.16,81,81,1.63
466,Vestmannaeyjar,IS,2022-07-26 02:16:58,63.4427,-20.2734,284.4,80,100,4.27
467,Calabozo,VE,2022-07-26 02:16:59,8.9242,-67.4293,296.2,93,55,0.69
468,Novoraychikhinsk,RU,2022-07-26 02:17:00,49.7798,129.594,299.95,64,0,0.62
469,Cayenne,GF,2022-07-26 02:15:14,4.9333,-52.3333,301.53,9,20,1.03
470,Kamaishi,JP,2022-07-26 02:17:01,39.2667,141.8833,300.07,80,40,1.86
471,Qiongshan,CN,2022-07-26 02:17:01,20.0058,110.3542,305.14,66,20,2.0
472,Kuusankoski,FI,2022-07-26 02:17:02,60.907,26.6244,289.49,93,0,3.09
473,Yamada,JP,2022-07-26 02:17:03,39.4667,141.95,300.41,77,37,2.26
474,Port Hardy,CA,2022-07-26 02:15:44,50.6996,-127.4199,294.25,68,20,4.12
475,Tuy Hoa,VN,2022-07-26 02:17:04,13.0833,109.3,303.15,68,79,0.54
476,Preobrazheniye,RU,2022-07-26 02:17:05,42.9019,133.9064,297.44,73,91,3.63
477,Luderitz,NA,2022-07-26 02:17:05,-26.6481,15.1594,285.68,86,36,5.65
478,Korcula,HR,2022-07-26 02:17:07,42.9622,17.1369,299.68,71,0,0.97
479,Amuntai,ID,2022-07-26 02:17:07,-2.4177,115.2494,303.0,65,22,0.29
480,Matamoros,MX,2022-07-26 02:17:08,25.5333,-103.25,303.21,39,75,8.23
481,Novosergiyevka,RU,2022-07-26 02:17:08,52.0934,53.6528,291.96,80,80,1.92
482,Umm Kaddadah,SD,2022-07-26 02:17:09,13.6017,26.6876,303.18,47,99,5.82
483,Kapit,MY,2022-07-26 02:17:10,2.0167,112.9333,297.27,96,100,0.7
484,Chiredzi,ZW,2022-07-26 02:17:10,-21.05,31.6667,285.81,86,19,1.17
485,North Myrtle Beach,US,2022-07-26 02:15:44,33.816,-78.68,301.2,86,0,6.69
486,Anloga,GH,2022-07-26 02:17:11,5.7947,0.8973,297.35,87,96,5.9
487,Gazanjyk,TM,2022-07-26 02:17:12,39.2446,55.5154,299.97,54,98,2.44
488,Vilhena,BR,2022-07-26 02:17:13,-12.7406,-60.1458,294.2,43,68,1.71
489,Dafeng,CN,2022-07-26 02:17:13,23.4517,108.5881,305.03,63,0,1.81
490,Tomatlan,MX,2022-07-26 02:17:14,19.9333,-105.25,298.39,90,100,0.74
491,Vysokogornyy,RU,2022-07-26 02:17:15,50.1167,139.15,292.53,87,88,1.9
492,Ostrava,CZ,2022-07-26 02:17:16,49.8346,18.282,296.01,75,0,0.0
493,Muros,ES,2022-07-26 02:17:16,42.7762,-9.0603,290.98,80,5,3.65
494,Kemijarvi,FI,2022-07-26 02:17:17,66.7131,27.4306,287.67,83,100,2.84
495,Shelburne,CA,2022-07-26 02:17:17,44.0787,-80.2041,288.4,83,0,3.37
496,Chinsali,ZM,2022-07-26 02:17:18,-10.5414,32.0816,286.59,78,47,3.75
497,Waitati,NZ,2022-07-26 02:17:18,-45.75,170.5667,280.47,96,100,6.56
498,Poltavka,RU,2022-07-26 02:17:19,54.3663,71.7632,296.49,60,100,1.77
499,Hami,CN,2022-07-26 02:17:19,42.8,93.45,303.88,16,0,2.83
500,Vanimo,PG,2022-07-26 02:17:20,-2.6741,141.3028,301.46,76,81,3.85
501,Laguna,US,2022-07-26 02:15:23,38.421,-121.4238,308.32,40,0,5.14
502,Prykolotne,UA,2022-07-26 02:17:21,50.1604,37.3474,289.27,94,89,2.36
503,Hefei,CN,2022-07-26 02:17:22,31.8639,117.2808,297.16,94,40,3.0
504,Mchinji,MW,2022-07-26 02:18:22,-13.7984,32.8802,285.01,69,13,2.18
505,Kommunisticheskiy,RU,2022-07-26 02:18:23,61.6789,64.4819,286.39,54,99,3.2
506,Touros,BR,2022-07-26 02:18:24,-5.1989,-35.4608,295.87,83,83,6.49
507,Anadyr,RU,2022-07-26 02:18:24,64.75,177.4833,283.43,76,40,2.0
508,Kichera,RU,2022-07-26 02:18:25,55.9375,110.0997,291.89,78,42,2.89
509,Maragogi,BR,2022-07-26 02:18:25,-9.0122,-35.2225,295.73,81,23,3.84
510,Sipoo,FI,2022-07-26 02:18:26,60.3775,25.2691,292.64,77,0,4.63
511,Saint-Michel-Des-Saints,CA,2022-07-26 02:18:27,46.6834,-73.9159,289.78,69,34,3.25
512,Mitu,CO,2022-07-26 02:18:27,1.1983,-70.1733,294.88,98,83,0.68
513,Nuuk,GL,2022-07-26 02:18:28,64.1835,-51.7216,278.49,93,75,3.09
514,La Troncal,EC,2022-07-26 02:16:13,-2.4,-79.3333,295.85,93,100,0.82
515,Longkou,CN,2022-07-26 02:18:29,37.6508,120.3286,300.2,66,100,4.71
516,Xinzhou,CN,2022-07-26 02:18:30,38.4092,112.7333,297.23,70,15,0.88
517,Pervomayskoye,RU,2022-07-26 02:18:31,43.919,46.7102,294.23,56,0,2.59
518,Epiniana,GR,2022-07-26 02:18:31,39.1429,21.6134,291.23,68,0,1.4
519,Makubetsu,JP,2022-07-26 02:18:32,45.3714,141.8211,294.99,73,75,4.12
520,Mamallapuram,IN,2022-07-26 02:18:33,12.6264,80.1722,301.18,70,87,3.56
521,Knysna,ZA,2022-07-26 02:18:33,-34.0363,23.0471,285.05,62,0,3.05
522,Kajaani,FI,2022-07-26 02:18:34,64.2273,27.7285,290.18,77,95,3.6
523,Amapa,BR,2022-07-26 02:18:35,1.0,-52.0,294.85,100,100,1.05
524,At-Bashi,KG,2022-07-26 02:18:36,41.1702,75.8106,295.16,22,0,0.6
525,Henties Bay,NA,2022-07-26 02:16:52,-22.116,14.2845,285.43,94,7,2.27
526,Coffs Harbour,AU,2022-07-26 02:18:37,-30.3,153.1333,297.11,56,0,5.66
527,Micheweni,TZ,2022-07-26 02:18:37,-4.9667,39.8333,296.19,81,75,5.31
528,Nichinan,JP,2022-07-26 02:18:38,31.6,131.3667,302.97,82,17,1.81
529,Bairiki,KI,2022-07-26 02:18:38,1.3292,172.9752,303.15,70,20,6.17
530,Harpanahalli,IN,2022-07-26 02:18:39,14.8,75.9833,295.2,87,100,4.77
531,Churhat,IN,2022-07-26 02:18:39,24.428,81.6703,300.31,76,76,1.66
532,Kastamonu,TR,2022-07-26 02:18:40,41.5,33.6667,284.75,79,1,0.81
533,Aviles,ES,2022-07-26 02:18:41,43.5547,-5.9248,293.36,86,100,1.03
534,Sekoma,BW,2022-07-26 02:18:42,-24.4,23.8833,285.71,71,14,5.43
535,Lukhovitsy,RU,2022-07-26 02:18:42,54.9728,39.0361,289.91,94,11,1.52
536,Quatre Cocos,MU,2022-07-26 02:17:19,-20.2078,57.7625,293.21,77,10,4.27
537,Tanete,ID,2022-07-26 02:18:43,-3.9443,119.7848,301.39,72,72,4.44
538,Abu Samrah,SY,2022-07-26 02:18:43,35.3029,37.1841,295.99,33,0,2.89
539,Bilibino,RU,2022-07-26 02:18:44,68.0546,166.4372,286.22,40,86,4.49
540,Solnechnyy,RU,2022-07-26 02:18:45,50.7214,136.6319,294.27,65,54,3.24
541,Kyzyl-Suu,KG,2022-07-26 02:18:45,42.3414,78.0056,295.16,43,0,0.6
542,Bechem,GH,2022-07-26 02:18:46,7.0903,-2.025,293.58,95,97,1.19
543,Alakurtti,RU,2022-07-26 02:18:46,66.9672,30.3491,285.33,88,100,1.73
544,Vao,NC,2022-07-26 02:18:47,-22.6667,167.4833,293.84,65,2,5.43
545,Mahibadhoo,MV,2022-07-26 02:18:47,3.7833,72.9667,300.97,76,99,7.76
546,Koumac,NC,2022-07-26 02:18:48,-20.5667,164.2833,297.96,61,0,4.55
547,Kamuli,UG,2022-07-26 02:18:49,0.9472,33.1197,292.92,71,100,0.73
548,Galeana,MX,2022-07-26 02:19:50,24.8333,-100.0667,292.29,61,85,2.82
549,Kachug,RU,2022-07-26 02:19:50,53.9606,105.8817,286.12,97,100,2.48
550,Moerai,PF,2022-07-26 02:18:59,-22.4333,-151.3333,294.46,59,77,7.77
