City_ID,City,Country,Lat,Lng,Max Temp,Humidity,Cloudiness,Wind Speed
0,Great Bend,US,38.3645,-98.7648,296.22,78,40,0.0
1,Cape Town,ZA,-33.9258,18.4232,289.2,81,75,8.75
2,Carnarvon,AU,-24.8667,113.6333,294.3,55,100,3.12
3,Hobart,AU,-42.8794,147.3294,279.07,83,75,5.14
4,Blantyre,MW,-15.785,35.0085,285.61,77,0,3.01
5,Russell,US,32.3502,-85.1999,305.93,55,0,1.54
6,Leningradskiy,RU,69.3833,178.4167,277.42,79,95,2.78
7,Casino,AU,-28.8667,153.05,281.36,94,0,1.47
8,Maniitsoq,GL,65.4167,-52.9,278.5,87,91,0.82
9,Pisco,PE,-13.7,-76.2167,291.18,72,75,4.12
10,Sept-Iles,CA,50.2001,-66.3821,292.44,85,20,8.23
11,Saldanha,ZA,-33.0117,17.9442,288.18,87,14,4.99
12,Ushuaia,AR,-54.8,-68.3,280.96,53,75,7.72
13,Rikitea,PF,-23.1203,-134.9692,296.18,73,91,9.55
14,Ribeira Grande,PT,38.5167,-28.7,297.37,69,75,2.57
15,Atuona,PF,-9.8,-139.0333,298.0,77,28,11.16
16,Lebu,CL,-37.6167,-73.65,284.5,78,0,6.46
17,Deputatskiy,RU,69.3,139.9,283.28,55,100,1.92
18,Bredasdorp,ZA,-34.5322,20.0403,284.71,74,0,2.83
19,Waingapu,ID,-9.6567,120.2641,295.48,82,100,4.78
20,Abu Dhabi,AE,24.4667,54.3667,306.16,63,0,3.09
21,Camacha,PT,33.0833,-16.3333,293.83,83,75,6.69
22,Araouane,ML,18.9048,-3.5265,312.62,17,76,3.9
23,Mataura,NZ,-46.1927,168.8643,281.75,98,100,1.4
24,Koumac,NC,-20.5667,164.2833,292.72,82,0,3.1
25,Mar Del Plata,AR,-38.0023,-57.5575,283.2,96,100,8.23
26,Miraflores,MX,19.2167,-98.8083,294.51,68,72,1.61
27,Busselton,AU,-33.65,115.3333,288.6,83,100,8.28
28,Punta Arenas,CL,-53.15,-70.9167,280.21,81,75,12.86
29,San Cristobal,VE,7.7669,-72.225,296.25,60,99,3.04
30,Bar-Le-Duc,FR,48.75,5.1667,296.36,41,94,3.2
31,Porto Torres,IT,40.835,8.3972,299.25,72,0,1.36
32,Bluff,NZ,-46.6,168.3333,281.93,75,100,5.25
33,Limbuhan,PH,11.8838,124.0501,300.78,84,100,6.65
34,Chokurdakh,RU,70.6333,147.9167,282.84,48,100,5.58
35,Port Alfred,ZA,-33.5906,26.891,290.47,86,1,6.29
36,Puerto Ayora,EC,-0.7393,-90.3518,299.13,93,77,4.02
37,Hobyo,SO,5.3505,48.5268,297.58,86,61,10.81
38,Xichang,CN,27.8964,102.2634,290.8,93,20,0.79
39,Yellowknife,CA,62.456,-114.3525,291.44,68,75,4.63
40,Adrar,MR,20.5022,-10.0711,313.35,7,2,3.84
41,Buin,CL,-33.7333,-70.75,293.39,35,0,3.15
42,Husavik,IS,66.0449,-17.3389,284.34,77,25,3.35
43,Aklavik,CA,68.2191,-135.0107,283.15,93,100,1.03
44,Hithadhoo,MV,-0.6,73.0833,301.03,74,100,5.24
45,Halifax,CA,44.6453,-63.5724,301.09,54,20,6.17
46,Ambon,ID,-3.6954,128.1814,298.23,94,75,2.06
47,Bengkulu,ID,-3.8004,102.2655,297.2,90,87,2.3
48,Troitskoye,RU,52.9821,84.6757,288.92,78,1,3.73
49,Honiara,SB,-9.4333,159.95,297.81,88,31,2.89
50,Sorong,ID,-0.8833,131.25,298.49,86,71,2.07
51,Myanaung,MM,18.2833,95.3167,301.2,76,77,0.18
52,Arlit,NE,18.7369,7.3853,303.5,48,100,12.7
53,Kautokeino,NO,69.0125,23.0412,280.83,80,21,3.23
54,New Norfolk,AU,-42.7826,147.0587,278.87,84,7,0.45
55,Alugan,PH,12.2188,125.4808,299.34,87,100,3.22
56,Vila Velha,BR,-20.3297,-40.2925,299.12,79,20,7.72
57,Lindi,TZ,-10.0,39.7167,292.97,91,9,1.9
58,Bagotville,AU,-28.9833,153.4167,281.4,99,2,3.04
59,Port Lincoln,AU,-34.7333,135.8667,284.64,84,98,5.91
60,Sechura,PE,-5.5569,-80.8222,298.36,54,7,5.97
61,San Patricio,US,28.017,-97.5169,310.46,41,61,8.43
62,Qaanaaq,GL,77.484,-69.3632,278.27,68,11,1.32
63,Clyde River,CA,70.4692,-68.5914,277.28,100,100,6.17
64,Kavieng,PG,-2.5744,150.7967,300.28,79,57,7.75
65,Hauterive,FR,46.0901,3.4459,297.57,45,94,0.96
66,Jacareacanga,BR,-6.2222,-57.7528,309.52,21,6,0.69
67,Miracema,BR,-21.4122,-42.1967,300.31,34,7,1.34
68,Naze,JP,28.3667,129.4833,299.66,81,24,5.96
69,Boa Vista,BR,2.8197,-60.6733,299.14,83,75,4.12
70,Khatanga,RU,71.9667,102.5,288.32,69,53,2.26
71,San Ramon,US,37.7799,-121.978,302.27,55,0,4.12
72,Port Hawkesbury,CA,45.6169,-61.3485,298.65,73,4,4.92
73,Havre-Saint-Pierre,CA,50.2334,-63.5986,291.35,77,100,6.69
74,Dali,CN,25.7,100.1833,290.77,90,99,1.1
75,Bud,US,39.447,-86.1758,304.78,56,52,2.42
76,Te Anau,NZ,-45.4167,167.7167,277.89,90,93,0.76
77,Gbadolite,CD,4.2833,21.0167,294.26,97,100,1.3
78,Kibray,UZ,41.3873,69.4641,302.44,29,51,3.2
79,Souillac,MU,-20.5167,57.5167,294.36,78,75,3.09
80,Bandarbeyla,SO,9.4942,50.8122,297.93,81,59,12.01
81,Albany,US,42.6001,-73.9662,305.4,56,100,3.35
82,Kiunga,PG,-6.1219,141.2906,296.35,99,95,1.23
83,Laurel,US,39.0993,-76.8483,307.37,63,40,6.17
84,Castro,BR,-24.7911,-50.0119,293.61,54,100,3.61
85,San Pedro,PH,14.35,121.0167,300.72,90,75,2.57
86,Nome,US,64.5011,-165.4064,286.57,76,0,2.06
87,Sao Filipe,CV,14.8961,-24.4956,299.47,79,32,5.14
88,Tazovskiy,RU,67.4667,78.7,284.18,94,24,3.34
89,Vaini,TO,-21.2,-175.2,296.24,100,20,3.09
90,Lavrentiya,RU,65.5833,-171.0,279.65,88,100,2.21
91,Malanville,BJ,11.8685,3.3899,297.92,86,100,2.95
92,Deer Lake,CA,49.1667,-57.4316,294.07,68,75,5.66
93,Vangaindrano,MG,-23.35,47.6,291.88,92,70,2.09
94,Hami,CN,42.8,93.45,303.63,11,46,6.53
95,Elko,US,41.0002,-115.5012,306.28,14,2,4.47
96,Fortuna,US,40.5982,-124.1573,296.44,72,0,4.63
97,Avarua,CK,-21.2078,-159.775,298.18,83,40,10.29
98,Kaitangata,NZ,-46.2817,169.8464,278.58,92,100,3.92
99,Tilichiki,RU,60.4667,166.1,281.61,77,100,3.01
100,Dikson,RU,73.5069,80.5464,279.48,100,100,7.12
101,Kutum,SD,14.2,24.6667,299.23,49,100,3.22
102,Saint-Joseph,RE,-21.3667,55.6167,292.15,82,2,4.12
103,Matane,CA,48.8286,-67.522,292.33,83,67,3.48
104,Isla Mujeres,MX,21.2311,-86.731,303.8,71,79,4.39
105,Columbus,US,39.9612,-82.9988,304.06,51,40,5.14
106,Kapaa,US,22.0752,-159.319,300.14,74,100,4.63
107,Soddy-Daisy,US,35.2359,-85.1908,307.22,60,66,4.1
108,Ilongero,TZ,-4.6667,34.8667,289.7,63,45,5.21
109,Paamiut,GL,61.994,-49.6678,278.62,92,100,8.38
110,Thompson,CA,55.7435,-97.8558,296.24,38,20,3.6
111,General Roca,AR,-39.0333,-67.5833,288.71,31,3,8.19
112,Kruisfontein,ZA,-34.0033,24.7314,288.62,65,0,3.47
113,Ginir,ET,7.1333,40.7,288.91,66,68,5.86
114,Butaritari,KI,3.0707,172.7902,300.89,72,41,6.85
115,Kodiak,US,57.79,-152.4072,288.88,67,0,2.57
116,Saskylakh,RU,71.9167,114.0833,289.37,82,100,2.73
117,Calvinia,ZA,-31.4707,19.776,280.8,80,0,3.15
118,Hermanus,ZA,-34.4187,19.2345,287.39,74,0,6.02
119,Provideniya,RU,64.3833,-173.3,282.57,84,97,1.69
120,Mahebourg,MU,-20.4081,57.7,294.31,78,75,3.09
121,Severo-Kurilsk,RU,50.6789,156.125,284.69,92,100,4.05
122,Manokwari,ID,-0.8667,134.0833,298.51,80,100,0.78
123,Karratha,AU,-20.7377,116.8463,293.31,63,3,3.16
124,Galveston,US,29.3669,-94.9669,309.36,60,0,6.17
125,Port Elizabeth,ZA,-33.918,25.5701,289.31,96,0,2.06
126,Nikolskoye,RU,59.7035,30.7861,289.71,78,100,1.67
127,Turukhansk,RU,65.8167,87.9833,284.88,82,0,4.39
128,Hambantota,LK,6.1241,81.1185,298.97,87,100,2.45
129,Comodoro Rivadavia,AR,-45.8667,-67.5,284.07,37,0,15.95
130,Ilulissat,GL,69.2167,-51.1,283.16,66,40,2.57
131,Meulaboh,ID,4.1363,96.1285,297.38,89,100,0.98
132,Portland,US,45.5234,-122.6762,308.96,47,20,2.06
133,Yerbogachen,RU,61.2767,108.0108,290.13,96,100,2.31
134,Faanui,PF,-16.4833,-151.75,299.48,71,1,11.02
135,Gat,IL,31.61,34.7642,301.7,100,0,2.29
136,Aksarka,RU,66.5606,67.7975,289.7,66,35,3.2
137,Acarau,BR,-2.8856,-40.12,300.43,71,57,8.23
138,Stykkisholmur,IS,65.0757,-22.7297,281.71,86,100,5.9
139,Peleduy,RU,59.6289,112.7406,289.48,97,99,2.25
140,Iqaluit,CA,63.7506,-68.5145,287.0,62,100,2.57
141,Tasiilaq,GL,65.6145,-37.6368,276.87,94,100,1.76
142,Robertsport,LR,6.7533,-11.3686,298.02,72,98,6.64
143,Boromo,BF,11.75,-2.9333,299.13,76,99,4.37
144,Okhotsk,RU,59.3833,143.3,288.13,88,8,3.08
145,Burnie,AU,-41.0667,145.9167,278.67,72,0,3.93
146,Jamestown,US,42.097,-79.2353,301.49,42,20,7.2
147,Kamaishi,JP,39.2667,141.8833,295.22,94,14,0.87
148,Chuy,UY,-33.6971,-53.4616,283.33,89,100,6.6
149,Kabo,CF,7.6994,18.629,294.0,98,100,1.54
150,Sisimiut,GL,66.9395,-53.6735,280.18,76,100,2.62
151,Kupang,ID,-10.1667,123.5833,296.31,75,43,5.58
152,Kahului,US,20.8947,-156.47,302.58,63,20,6.26
153,Ixtapa,MX,20.7,-105.2,304.94,61,62,2.24
154,Bethel,US,41.3712,-73.414,305.57,71,100,0.89
155,Arraial Do Cabo,BR,-22.9661,-42.0278,302.13,57,0,6.17
156,Havoysund,NO,70.9963,24.6622,283.28,83,56,4.96
157,Praxedis Guerrero,MX,31.3667,-106.0167,307.33,27,4,2.42
158,Barrow,US,71.2906,-156.7887,273.93,99,100,5.51
159,Torquay,GB,50.4638,-3.5143,292.16,90,18,1.79
160,Upernavik,GL,72.7868,-56.1549,279.29,69,100,2.57
161,Merauke,ID,-8.4667,140.3333,297.72,85,100,7.42
162,Pevek,RU,69.7008,170.3133,277.38,78,94,1.1
163,Laguna,US,38.421,-121.4238,308.16,34,0,2.57
164,Lar,IN,26.2039,83.9717,303.41,67,97,2.13
165,East London,ZA,-33.0153,27.9116,294.18,57,15,7.57
166,Hilo,US,19.7297,-155.09,302.75,85,14,1.34
167,Ostrovnoy,RU,68.0531,39.5131,283.29,90,69,6.39
168,Jasper,US,37.2001,-94.3502,305.43,59,20,0.0
169,Yumen,CN,40.2833,97.2,298.06,13,82,4.21
170,Slatinany,CZ,49.9211,15.8138,295.86,46,0,2.06
171,Huarmey,PE,-10.0681,-78.1522,293.51,69,13,4.91
172,Cherskiy,RU,68.75,161.3,285.23,50,7,1.79
173,Segezha,RU,63.7415,34.3222,288.6,83,100,1.54
174,Tessalit,ML,20.1986,1.0114,308.46,23,91,5.1
175,Poum,NC,-20.2333,164.0167,294.81,76,5,4.52
176,Longyearbyen,SJ,78.2186,15.6401,279.06,81,75,8.23
177,Iuna,BR,-20.3458,-41.5358,294.53,46,3,2.28
178,Don Benito,ES,38.9563,-5.8616,303.09,28,0,4.44
179,Biltine,TD,14.5333,20.9167,302.1,59,31,4.55
180,Hualmay,PE,-11.0964,-77.6139,292.05,73,18,4.37
181,Muzhi,RU,65.3667,64.6667,289.66,60,79,3.24
182,Molochnoye,RU,59.2917,39.6787,290.46,97,100,2.11
183,Wanning,CN,18.8003,110.3967,299.56,85,30,2.66
184,Tuktoyaktuk,CA,69.4541,-133.0374,280.15,93,100,4.63
185,Bara,NG,10.3744,10.7288,296.86,87,61,3.07
186,Skrunda,LV,56.6833,22.0167,284.31,90,0,2.22
187,Chake Chake,TZ,-5.2459,39.7666,295.58,84,5,3.05
188,Aljustrel,PT,37.8776,-8.1652,303.08,45,0,7.04
189,Norman Wells,CA,65.282,-126.8329,289.17,63,75,3.09
190,Tiksi,RU,71.6872,128.8694,284.04,91,91,2.36
191,Kavaratti,IN,10.5669,72.642,300.4,82,100,7.9
192,Georgetown,MY,5.4112,100.3354,300.31,85,20,2.06
193,Avera,US,33.194,-82.5271,306.88,52,100,2.46
194,Mbanza-Ngungu,CD,-5.25,14.8667,295.25,54,45,2.34
195,Shingu,JP,33.7333,135.9833,297.69,92,68,2.09
196,Greenville,US,35.6127,-77.3663,309.33,48,0,4.12
197,Juneau,US,58.3019,-134.4197,289.17,98,100,5.14
198,Broome,US,42.2506,-75.833,300.7,68,31,1.79
199,Bongandanga,CD,1.5,21.05,294.66,96,100,1.39
200,Port-Gentil,GA,-0.7193,8.7815,297.13,83,40,3.6
201,Emerald,AU,-23.5333,148.1667,281.27,71,0,4.64
202,Praya,CV,14.9215,-23.5087,305.45,31,0,4.12
203,Ukiah,US,39.1502,-123.2078,313.39,31,0,2.06
204,Casper,US,42.8666,-106.3131,300.77,35,0,4.12
205,Cayenne,GF,4.9333,-52.3333,302.64,7,100,4.63
206,Luwuk,ID,-0.9516,122.7875,297.67,91,95,2.28
207,Severnoye,RU,56.3491,78.3619,288.96,93,86,4.36
208,Rio Grande,BR,-32.035,-52.0986,290.21,94,100,8.6
209,Beziers,FR,43.3476,3.219,301.42,61,0,2.06
210,Tecoanapa,MX,16.5167,-98.75,302.8,63,17,4.64
211,Coro,VE,11.4045,-69.6734,303.11,64,100,9.36
212,Dakar,SN,14.6937,-17.4441,302.22,74,40,8.23
213,Saint-Augustin,CA,51.226,-58.6502,286.97,75,100,4.26
214,Saint-Philippe,RE,-21.3585,55.7679,292.71,84,4,3.96
215,Cerkezkoy,TR,41.285,28.0003,296.25,83,0,8.23
216,Qasigiannguit,GL,68.8193,-51.1922,281.74,55,93,2.25
217,Yenotayevka,RU,47.2456,47.0281,298.25,53,0,3.27
218,Dunedin,NZ,-45.8742,170.5036,280.26,75,100,1.79
219,Jian,CN,27.1172,114.9793,299.88,77,71,0.6
220,Torbay,CA,47.6666,-52.7314,290.24,89,100,7.2
221,Airai,TL,-8.9266,125.4092,283.8,80,76,1.72
222,Talwandi Bhai,IN,30.85,74.9333,300.4,82,35,1.58
223,Othaya,KE,-0.5652,36.9609,287.29,89,100,1.28
224,Tuatapere,NZ,-46.1333,167.6833,277.62,91,91,1.24
225,Bonthe,SL,7.5264,-12.505,297.73,77,100,5.35
226,Kununurra,AU,-15.7667,128.7333,284.14,87,19,1.03
227,Plettenberg Bay,ZA,-34.0527,23.3716,290.04,47,0,2.59
228,Maraba,BR,-5.3686,-49.1178,309.25,30,75,1.03
229,Klaksvik,FO,62.2266,-6.589,285.66,91,84,6.71
230,Zverinogolovskoye,RU,54.4586,64.8542,287.76,93,99,5.86
231,Sayyan,YE,15.1718,44.3244,291.32,56,91,2.53
232,Pietersburg,ZA,-23.9045,29.4688,283.62,76,0,1.03
233,Syke,DE,52.9,8.8333,290.97,52,0,4.63
234,Korla,CN,41.7597,86.1469,305.86,16,99,7.06
235,Hailar,CN,49.2,119.7,288.03,74,1,1.44
236,Sorland,NO,67.667,12.6934,285.07,75,51,6.27
237,Asau,RO,46.4333,26.4,294.66,88,100,1.33
238,General Pico,AR,-35.6566,-63.7568,288.14,32,0,6.24
239,Bunesti,RO,46.8333,27.9667,295.03,53,100,1.91
240,Geraldton,AU,-28.7667,114.6,287.38,94,40,4.63
241,Victoria,HK,22.2855,114.1577,303.89,79,100,1.79
242,Lugo,ES,43.0,-7.5,293.02,79,10,2.24
243,Haines Junction,CA,60.7522,-137.5108,289.12,59,100,1.03
244,Codrington,AU,-38.2667,141.9667,280.33,77,13,2.31
245,Ponta Do Sol,PT,32.6667,-17.1,297.43,81,1,1.31
246,Wad Rawah,SD,15.1603,33.1397,302.47,55,100,5.57
247,Vardo,NO,70.3705,31.1107,283.14,87,100,7.2
248,Xiongzhou,CN,25.1167,114.3,299.84,64,100,1.05
249,Buenos Aires,AR,-34.6132,-58.3772,288.0,57,40,3.6
250,Oktyabrskoye,RU,43.0645,44.7417,290.23,93,17,1.0
251,Imbituba,BR,-28.24,-48.6703,299.18,77,100,2.6
252,Glossa,GR,35.4717,23.7763,297.96,46,0,1.41
253,Pampa,US,35.5362,-100.9599,307.17,36,0,6.69
254,Quatre Cocos,MU,-20.2078,57.7625,294.21,76,5,5.04
255,Baykit,RU,61.67,96.37,289.02,97,99,1.79
256,Shitanjing,CN,39.2342,106.3439,295.95,33,0,3.37
257,Skibbereen,IE,51.55,-9.2667,289.32,91,83,2.66
258,Weiser,US,44.251,-116.9693,313.88,22,0,1.34
259,Tautira,PF,-17.7333,-149.15,298.34,77,23,10.83
260,Ustyuzhna,RU,58.8394,36.4321,287.69,97,100,2.72
261,Sur,OM,22.5667,59.5289,301.21,72,100,7.27
262,Fairlie,GB,55.756,-4.8556,289.1,86,100,1.41
263,Isiro,CD,2.7739,27.616,292.83,95,100,0.6
264,Verkhnyaya Khava,RU,51.8404,39.9413,293.19,89,59,3.76
265,Wagar,SD,16.1525,36.2032,301.91,58,100,6.53
266,Vila Franca Do Campo,PT,37.7167,-25.4333,296.38,77,11,1.56
267,Igarka,RU,67.4667,86.5833,283.15,82,0,4.5
268,Mareeba,AU,-17.0,145.4333,288.55,97,2,0.99
269,Tucano,BR,-10.9631,-38.7867,297.89,62,92,4.15
270,Great Yarmouth,GB,52.6083,1.7305,290.6,71,100,6.7
271,Kralendijk,BQ,12.15,-68.2667,300.44,79,89,6.7
272,Saint-Georges,GD,12.0564,-61.7485,302.97,66,20,9.26
273,Algiers,DZ,36.7525,3.042,301.05,54,0,3.6
274,Anamur,TR,36.0751,32.8369,302.34,55,0,4.07
275,Saint-Gabriel,CA,46.3001,-73.3824,299.77,65,83,2.3
276,Karasjok,NO,69.4719,25.5112,280.69,84,25,1.45
277,Mozelos,PT,41.8677,-8.3978,295.3,77,0,2.04
278,Cidreira,BR,-30.1811,-50.2056,291.62,93,100,4.45
279,Mao,ES,39.8885,4.2658,299.46,73,0,2.06
280,Cottonwood Heights,US,40.6197,-111.8102,308.92,24,0,1.54
281,Yarim,YE,14.298,44.3779,289.34,58,94,2.34
282,Nizhniy Kuranakh,RU,58.8353,125.4869,291.14,91,100,0.59
283,Gorontalo,ID,0.5412,123.0595,296.23,95,78,0.95
284,Iglesias,IT,39.3114,8.535,299.83,67,0,2.3
285,Salalah,OM,17.0151,54.0924,297.01,93,90,2.61
286,Montana,BG,43.4125,23.225,294.18,72,43,2.57
287,Pueblo,US,38.2545,-104.6091,299.6,52,100,1.34
288,Cove,BJ,7.221,2.3402,295.61,93,100,1.29
289,Fairbanks,US,64.8378,-147.7164,290.38,65,20,2.24
290,Mehamn,NO,71.0357,27.8492,283.12,81,75,3.6
291,Pokhara,NP,28.2333,83.9833,295.55,83,100,0.77
292,Vestmannaeyjar,IS,63.4427,-20.2734,283.7,81,75,2.57
293,Takoradi,GH,4.8845,-1.7554,297.16,81,59,5.19
294,Balabac,PH,7.9868,117.0645,300.59,81,100,3.21
295,Jodiya,IN,22.6925,70.306,300.79,79,100,7.11
296,Cabo San Lucas,MX,22.8909,-109.9124,307.93,59,18,2.68
297,Saint George,US,37.1041,-113.5841,308.29,37,0,2.57
298,Rafaela,AR,-31.2503,-61.4867,292.04,23,0,5.81
299,Pingzhuang,CN,42.0372,119.2889,290.92,91,100,1.79
300,San Policarpo,PH,12.1791,125.5072,299.5,87,100,3.42
301,Murshidabad,IN,24.1833,88.2667,302.5,65,94,2.47
302,Saiha,IN,22.4833,92.9667,294.64,99,42,1.13
303,Acapulco,MX,16.8634,-99.8901,301.46,69,75,1.55
304,Bell Ville,AR,-32.6259,-62.6887,290.74,25,0,7.78
305,Nara,JP,34.6851,135.8049,300.65,62,37,1.4
306,Manadhoo,MV,5.7667,73.3833,300.6,79,92,7.72
307,Morgan City,US,29.6994,-91.2068,302.04,62,54,2.96
308,Nalut,LY,30.3333,10.85,307.57,15,50,3.19
309,Maragogi,BR,-9.0122,-35.2225,297.35,84,23,2.48
310,Okitipupa,NG,6.5047,4.7839,295.78,97,100,1.08
311,Soyo,AO,-6.1349,12.3689,294.8,84,28,3.05
312,Viedma,AR,-40.8135,-62.9967,284.47,50,53,5.98
313,Hasaki,JP,35.7333,140.8333,298.37,90,79,4.89
314,Rundu,NA,-17.9333,19.7667,289.32,29,7,2.8
315,Olafsvik,IS,64.8945,-23.7142,280.63,87,100,7.41
316,Kangaatsiaq,GL,68.3065,-53.4641,277.91,89,85,3.38
317,Arkadelphia,US,34.1209,-93.0538,307.55,48,99,3.19
318,Jiayuguan,CN,39.8167,98.3,297.35,18,3,4.95
319,Foam Lake,CA,51.65,-103.5343,295.16,45,41,2.38
320,Ardon,RU,43.17,44.29,291.7,71,2,1.11
321,Fuxin,CN,42.0156,121.6589,294.84,99,100,1.29
322,Nishihara,JP,26.1842,127.7558,300.75,89,20,3.09
323,Buzmeyin,TM,38.0507,58.2056,303.0,28,40,2.06
324,Margate,GB,51.3813,1.3862,291.65,70,100,1.79
325,Belmonte,BR,-15.8631,-38.8828,295.96,74,1,3.11
326,Belle Glade,US,26.6845,-80.6676,307.05,51,92,2.18
327,Ginda,IN,30.6945,78.4932,292.18,98,100,0.41
328,Dwarka,IN,22.2394,68.9678,300.67,78,88,5.35
329,Manggar,ID,-2.8833,108.2667,300.12,83,94,4.55
330,Hofn,IS,64.2539,-15.2082,283.95,93,100,0.78
331,Berbera,SO,10.4396,45.0143,306.83,38,2,6.29
332,Port Hardy,CA,50.6996,-127.4199,292.25,77,0,2.06
333,Arkhara,RU,49.4212,130.0842,294.37,97,100,2.23
334,Jega,NG,12.2175,4.3792,296.37,84,100,2.71
335,Esperance,AU,-33.8667,121.9,287.13,81,1,5.53
336,Gavardo,IT,45.5894,10.4426,300.5,57,20,2.06
337,Shenjiamen,CN,29.9576,122.298,299.7,88,0,3.14
338,Eldorado,BR,-23.7869,-54.2836,302.42,35,100,1.53
339,San Jeronimo,PE,-11.9472,-75.2829,292.26,18,4,2.74
340,Luganville,VU,-15.5333,167.1667,298.63,85,100,1.87
341,La Ronge,CA,55.1001,-105.2842,297.27,33,20,4.12
342,Grafenau,DE,48.8577,13.3974,293.12,66,100,2.05
343,Diapaga,BF,12.0708,1.7889,298.29,83,83,2.84
344,Ahipara,NZ,-35.1667,173.1667,286.65,73,99,4.79
345,Sabang,ID,5.8933,95.3214,300.44,78,100,10.11
346,Guarapari,BR,-20.6667,-40.4975,296.98,76,67,7.99
347,Hinton,CA,53.4001,-117.5857,306.25,19,3,1.41
348,Sirmaur,IN,24.85,81.3833,301.14,76,93,2.08
349,Omboue,GA,-1.5746,9.2618,295.27,84,89,2.61
350,Yulara,AU,-25.2406,130.9889,281.81,34,89,4.32
351,Kirakira,SB,-10.4544,161.9205,299.29,85,79,3.97
352,Thul,PK,28.2403,68.7759,305.49,62,100,2.24
353,Miri,MY,4.4148,114.0089,297.23,100,20,1.54
354,Veraval,IN,20.9,70.3667,300.24,81,90,4.8
355,Half Moon Bay,US,37.4636,-122.4286,300.96,71,75,7.2
356,Coquimbo,CL,-29.9533,-71.3436,289.0,67,0,5.14
357,Chara,RU,56.9064,118.2631,290.56,71,100,0.97
358,Zyryanka,RU,65.75,150.85,283.85,60,1,4.9
359,Asyut,EG,27.181,31.1837,307.25,14,0,2.86
360,Porto Novo,BJ,6.4965,2.6036,299.05,78,100,4.47
361,Lanzhou,CN,36.0564,103.7922,293.19,60,69,1.66
362,Kayes,ML,14.0,-11.0,300.8,71,51,4.11
363,Flinders,AU,-34.5833,150.8552,283.25,83,61,2.68
364,Cefalu,IT,38.0386,14.0229,302.34,81,0,1.34
365,Miramar,US,25.9873,-80.2323,307.05,67,2,2.24
366,Kayerkan,RU,69.3497,87.7602,282.65,83,1,2.97
367,Lambarene,GA,-0.7001,10.2406,296.35,76,84,1.98
368,Nenjiang,CN,49.1833,125.2167,291.59,97,100,1.78
369,Nemuro,JP,43.3236,145.575,288.36,94,83,2.15
370,Lompoc,US,34.6391,-120.4579,303.53,70,40,3.58
371,Skjervoy,NO,70.0311,20.9714,284.15,71,85,0.82
372,Yizheng,CN,24.6706,103.4296,288.31,94,69,0.44
373,Kushima,JP,31.4583,131.2333,299.11,93,61,4.37
374,Changde,CN,29.0464,111.6783,297.66,93,4,1.72
375,Cam Ranh,VN,11.9214,109.1591,299.13,89,20,1.03
376,Sauk Rapids,US,45.5919,-94.1661,296.14,59,95,5.36
377,Tallahassee,US,30.4383,-84.2807,304.26,94,75,3.09
378,Chernyshevskiy,RU,63.0128,112.4714,290.07,70,0,2.32
379,Asosa,ET,10.0667,34.5333,288.62,83,100,0.89
380,Zhigansk,RU,66.7697,123.3711,292.2,68,99,2.8
381,Waipawa,NZ,-41.4122,175.5153,280.62,89,45,1.02
382,Jinxiang,CN,27.4327,120.6062,297.92,85,0,1.52
383,Pareora,NZ,-44.4871,171.2132,279.36,97,100,1.02
384,Buchanan,LR,5.8808,-10.0467,296.93,76,90,3.23
385,York,US,40.1254,-77.0,306.83,54,89,3.85
386,Alofi,NU,-19.0595,-169.9187,297.93,80,20,10.52
387,Cap Malheureux,MU,-19.9842,57.6142,293.97,77,2,1.34
388,Valentin Gomez Farias,MX,28.2167,-106.5833,301.16,35,92,6.98
389,Freeport,US,40.6576,-73.5832,305.66,67,100,4.47
390,Sangar,RU,63.9242,127.4739,292.02,73,6,0.5
391,Seddon,AU,-37.8068,144.8916,282.45,91,40,4.12
392,Sakakah,SA,29.9697,40.2064,307.99,10,99,0.88
393,Padang,ID,-0.9492,100.3543,298.88,85,100,1.86
394,Claresholm,CA,50.0333,-113.5852,304.08,30,0,3.1
395,Tiznit,MA,29.5833,-9.5,296.28,58,0,1.51
396,Coahuayana,MX,18.7333,-103.6833,304.76,60,51,2.99
397,Thunder Bay,CA,48.4001,-89.3168,291.1,82,75,4.12
398,Hervey Bay,AU,-25.2986,152.8535,286.56,82,0,4.06
399,Tongzi,CN,28.7829,105.0877,297.58,90,0,0.8
400,Iquique,CL,-20.2208,-70.1431,290.53,75,16,4.19
401,Nanortalik,GL,60.1432,-45.2371,280.61,81,39,3.03
402,Chinsali,ZM,-10.5414,32.0816,288.47,51,10,3.42
403,Malinovskiy,RU,61.1953,62.8397,288.12,62,0,1.37
404,Macau,MO,22.2006,113.5461,304.74,84,0,2.06
405,Constitucion,CL,-35.3333,-72.4167,287.75,62,0,6.01
406,Chlorakas,CY,34.8042,32.4083,299.64,83,0,2.57
407,Talnakh,RU,69.4865,88.3972,285.15,75,0,3.9
408,Verkhnyaya Inta,RU,65.9811,60.3094,289.11,59,100,3.82
409,Brandon,US,27.9378,-82.2859,309.33,66,75,1.79
410,Katsuura,JP,35.1333,140.3,299.47,91,64,4.02
411,Puerto Del Rosario,ES,28.5004,-13.8627,297.01,73,20,8.23
412,Port-Cartier,CA,50.0334,-66.8654,290.79,79,48,4.79
413,Lorengau,PG,-2.0226,147.2712,300.34,81,70,6.25
414,Vilhena,BR,-12.7406,-60.1458,305.5,19,35,2.05
415,Fort Nelson,CA,58.8053,-122.7002,298.01,41,100,4.73
416,Egvekinot,RU,66.3167,-179.1667,278.56,87,100,1.16
417,Kailua,US,21.4022,-157.7394,301.82,69,99,2.68
418,Mitsamiouli,KM,-11.3847,43.2844,297.57,74,37,3.5
419,Vypolzovo,RU,57.8767,33.6986,286.67,87,100,1.89
420,Dryden,CA,49.7833,-92.7503,291.31,77,75,2.57
421,Aykhal,RU,66.0,111.5,292.9,67,9,1.99
422,Birao,CF,10.2849,22.7882,294.25,98,98,2.01
423,Nador,MA,35.174,-2.9287,299.29,73,0,1.54
424,Boden,SE,65.8252,21.6886,288.15,84,86,2.42
425,Vao,NC,-22.6667,167.4833,293.72,66,100,5.55
426,Gazli,UZ,40.1333,63.45,303.92,23,20,6.06
427,Northam,GB,51.0333,-4.2167,290.71,85,15,2.92
428,Petropavlovsk-Kamchatskiy,RU,53.0452,158.6483,284.48,100,75,2.0
429,Elmina,GH,5.0898,-1.348,297.38,82,95,6.24
430,Broken Hill,AU,-31.95,141.4333,280.37,52,100,3.06
431,Sobolevo,RU,54.4299,31.8996,286.06,80,0,2.08
432,Paracuru,BR,-3.41,-39.0306,299.88,71,95,6.45
433,Kismayo,SO,-0.3582,42.5454,298.09,68,94,7.34
434,Mantua,IT,45.1667,10.7833,301.73,74,66,0.89
435,Cassilandia,BR,-19.1133,-51.7342,305.17,14,5,2.77
436,Lazaro Cardenas,MX,17.9583,-102.2,302.96,65,23,4.29
437,Auki,SB,-8.7676,160.7034,297.73,87,76,2.07
438,Sitka,US,57.0531,-135.33,288.16,98,100,1.94
439,Jumla,NP,29.2747,82.1838,290.26,98,100,0.75
440,Arman,RU,59.7,150.1667,284.91,96,100,2.23
441,Fukue,JP,32.6881,128.8419,300.96,82,8,3.69
442,Mount Isa,AU,-20.7333,139.5,282.02,46,2,3.6
443,Kuito,AO,-12.3833,16.9333,287.55,26,75,1.05
444,Bambous Virieux,MU,-20.3428,57.7575,293.83,88,75,3.6
445,Narsaq,GL,60.9167,-46.05,282.83,60,52,2.72
446,Grindavik,IS,63.8424,-22.4338,282.41,81,75,4.63
447,Ajdabiya,LY,30.7554,20.2263,300.25,67,0,4.7
448,Mana,GF,5.6592,-53.7767,300.47,80,97,3.04
449,Mandalgovi,MN,45.7625,106.2708,287.09,66,94,6.04
450,Wattegama,LK,6.7989,81.4808,297.53,92,100,1.14
451,Leh,IN,34.1667,77.5833,288.31,75,99,1.67
452,Srivardhan,IN,18.0333,73.0167,299.9,91,75,2.8
453,Luderitz,NA,-26.6481,15.1594,285.66,86,60,1.2
454,San Vicente,AR,-26.6167,-54.1333,296.23,52,100,1.54
455,Harindanga,IN,22.0383,88.3214,301.17,83,95,2.86
456,Mandurah,AU,-32.55,115.7,289.21,88,98,10.17
457,Igra,RU,57.5558,53.0547,290.8,68,82,1.29
458,Kudahuvadhoo,MV,2.6708,72.8944,300.84,75,55,5.82
459,Pervomayskiy,RU,53.2485,40.2871,291.61,93,75,1.95
460,Saurimo,AO,-9.6608,20.3916,292.33,27,57,1.74
461,Rawson,AR,-43.3002,-65.1023,284.7,51,5,8.68
462,Iralaya,HN,15.0,-83.2333,301.62,72,75,3.46
463,Puro,PH,12.4841,123.3827,300.19,86,100,6.06
464,Bac Lieu,VN,9.285,105.7244,299.98,83,3,2.62
465,Labuhan,ID,-6.8844,112.2051,297.4,86,68,3.47
466,Alta Floresta,BR,-9.8756,-56.0861,308.38,16,5,1.4
467,Samarai,PG,-10.6167,150.6667,298.81,85,87,6.24
468,Nefteyugansk,RU,61.0998,72.6035,287.42,74,100,4.27
469,Khromtau,KZ,50.2503,58.4347,291.41,55,5,4.67
470,Rocha,UY,-34.4833,-54.3333,282.42,84,94,7.38
471,Ambo,PE,-10.1308,-76.2047,298.08,31,5,4.35
472,Tezu,IN,27.9167,96.1667,296.58,96,35,1.44
473,Melfi,IT,40.9965,15.6514,296.59,60,0,0.41
474,Kijang,KR,35.2442,129.2139,296.96,94,1,3.22
475,Pangkalanbuun,ID,-2.6833,111.6167,296.89,98,98,0.93
476,San Carlos De Bariloche,AR,-41.1456,-71.3082,276.67,93,37,3.74
477,Lagoa,PT,39.05,-27.9833,295.56,74,3,1.87
478,Lulea,SE,65.5842,22.1547,287.19,67,0,2.06
479,Dingle,PH,10.9995,122.6711,298.49,90,100,3.3
480,Seoul,KR,37.5683,126.9778,299.84,88,35,1.47
481,Inongo,CD,-1.95,18.2667,296.32,59,100,1.88
482,Nelson Bay,AU,-32.7167,152.15,285.37,83,93,4.02
483,Senno,RU,59.5336,33.9167,284.81,95,65,1.23
484,Soe,ID,-9.8607,124.284,288.78,85,85,3.01
485,Manta,EC,-0.95,-80.7333,299.03,73,40,3.09
486,Scottsboro,US,34.6723,-86.0341,308.29,49,0,5.14
487,Takaka,NZ,-40.85,172.8,284.02,82,58,3.65
488,Gannan,CN,47.9147,123.5031,292.11,96,100,1.73
489,Ketchikan,US,55.3422,-131.6461,295.41,56,0,4.63
490,Makaryev,RU,57.8797,43.8069,291.28,75,8,3.08
491,Bolshaya Dzhalga,RU,45.9695,42.6966,297.89,45,0,3.59
492,Tanabe,JP,33.7333,135.3667,297.93,90,60,2.71
493,Oistins,BB,13.0667,-59.5333,303.2,66,40,9.26
494,Alenquer,BR,-1.9417,-54.7383,303.42,57,79,1.56
495,Tiarei,PF,-17.5333,-149.3333,300.16,77,14,11.38
496,Rafraf,TN,37.1904,10.1837,299.32,75,0,2.2
497,Rio Gallegos,AR,-51.6226,-69.2181,278.72,81,93,15.13
498,Gwanda,ZW,-20.9333,29.0,287.14,49,0,3.62
499,Tashla,RU,51.7716,52.7427,292.71,70,16,3.43
500,Palora,EC,-1.7,-77.9333,299.21,70,88,0.86
501,Amazar,RU,53.858,120.875,287.17,98,12,1.51
502,Libreville,GA,0.3925,9.4537,297.16,79,86,3.85
503,Ponta Delgada,PT,37.7333,-25.6667,296.55,73,40,4.12
504,Labuan,MY,5.2767,115.2417,299.86,78,100,2.07
505,Talmenka,RU,53.8183,83.5677,291.14,82,13,3.05
506,Sao Joao Da Barra,BR,-21.6403,-41.0511,295.78,79,51,8.48
507,Fort Morgan,US,40.2503,-103.8,296.83,68,0,0.0
508,Kalakamati,BW,-20.5929,27.3121,287.51,38,0,5.59
509,Monrovia,LR,6.3005,-10.7969,297.43,71,96,4.36
510,Molteno,ZA,-31.3968,26.3625,283.74,69,41,9.39
511,Karachi,PK,24.9056,67.0822,301.05,83,40,5.14
512,Tungor,RU,53.3808,142.9564,285.58,93,39,3.16
513,Piotrkow Trybunalski,PL,51.4055,19.7032,291.58,59,1,3.26
514,Kristiansand,NO,58.1467,7.9956,288.07,77,0,3.09
515,Flin Flon,CA,54.7682,-101.865,299.57,26,30,1.36
516,Zarnesti,RO,45.3,26.8667,294.85,65,41,1.31
517,Tondano,ID,1.3038,124.9112,293.2,92,93,1.16
518,Khasan,RU,42.4308,130.6434,294.47,97,100,2.89
519,Kuching,MY,1.55,110.3333,298.27,94,75,6.17
520,Abu Samrah,SY,35.3029,37.1841,303.13,25,0,4.15
521,Camiri,BO,-20.05,-63.5167,304.07,33,5,5.42
522,Oranjemund,NA,-28.55,16.4333,285.47,91,25,3.57
523,Pangai,TO,-19.8,-174.35,297.81,83,58,10.09
524,Puerto Narino,CO,-3.7703,-70.3831,301.51,68,99,0.7
525,Tikrit,IQ,34.6071,43.6782,308.26,10,0,5.79
526,Peddapuram,IN,17.0833,82.1333,300.05,79,60,0.86
527,San Juan,AR,-31.5375,-68.5364,289.66,35,0,1.86
528,Cienfuegos,CU,22.1461,-80.4356,306.1,48,19,6.23
529,Praia Da Vitoria,PT,38.7333,-27.0667,298.01,77,30,2.05
530,Price,US,39.5994,-110.8107,301.74,32,0,5.66
531,Sampit,ID,-2.5333,112.95,296.07,99,66,0.95
532,Palmer,US,42.1584,-72.3287,305.49,60,85,4.47
533,Alice Springs,AU,-23.7,133.8833,274.9,51,29,0.0
534,Wahiawa,US,21.5028,-158.0236,300.01,59,75,2.57
535,Vilyuysk,RU,63.7553,121.6247,291.51,76,16,2.5
536,Kulaman,PH,6.4594,124.0892,298.48,76,97,1.46
537,Juba,SS,4.8517,31.5825,293.54,95,29,0.9
538,Condoto,CO,5.0935,-76.6497,300.44,81,97,1.49
539,Altona,DE,53.55,9.9333,289.52,69,0,2.57
540,Gao,ML,16.6362,1.637,302.7,53,100,10.25
541,Fare,PF,-16.7,-151.0167,299.36,72,0,11.05
542,Port Augusta,AU,-32.5,137.7667,280.95,47,84,3.13
543,The Valley,AI,18.217,-63.0578,302.65,72,0,6.93
544,Isangel,VU,-19.55,169.2667,296.67,89,100,5.0
545,Umm Lajj,SA,25.0213,37.2685,305.42,41,99,3.54
546,Mahajanga,MG,-15.7167,46.3167,296.38,70,90,1.3
547,Voh,NC,-20.9667,164.7,290.53,87,0,2.34
548,Aquidauana,BR,-20.4711,-55.7872,307.85,16,55,3.77
549,Coihaique,CL,-45.5752,-72.0662,281.12,57,75,5.66
550,Raga,SS,8.4596,25.678,293.27,97,100,1.85
551,Kilifarevo,BG,42.9833,25.6333,294.38,100,75,1.03
552,Sokolka,PL,53.4072,23.5023,287.96,90,75,2.56
553,Uaua,BR,-9.8414,-39.4817,300.06,40,30,5.49
554,Saint Anthony,US,45.0205,-93.218,298.03,52,100,7.2
555,Muroto,JP,33.2833,134.15,299.86,85,39,5.31
556,Homer,US,59.6425,-151.5483,292.47,51,0,1.54
557,Sri Aman,MY,1.2376,111.4621,295.9,100,94,0.1
558,Kidal,ML,18.4411,1.4078,303.22,50,83,8.37
559,Jaguaribe,BR,-5.8906,-38.6219,306.14,31,62,2.61
560,Marawi,PH,7.9986,124.2928,293.76,92,100,2.1
561,Puerto Palomas,MX,31.7667,-107.6167,305.22,30,80,2.77
562,Odweyne,SO,9.4092,45.064,297.52,44,2,8.09
563,Inta,RU,66.0317,60.1659,289.18,59,95,4.3
564,Smolenka,RU,52.1352,113.4974,283.19,100,99,1.0
565,Nizwa,OM,22.9333,57.5333,299.88,70,89,2.8
566,Jalu,LY,29.0331,21.5482,304.33,34,0,7.19
567,Ilhabela,BR,-23.7781,-45.3581,297.28,64,19,1.54
568,Teya,RU,60.3778,92.6267,286.56,87,16,1.2
569,Mhlume,SZ,-26.0333,31.85,289.0,93,3,1.51
570,Mount Gambier,AU,-37.8333,140.7667,274.1,100,7,0.0
571,Port Pirie,AU,-33.1833,138.0167,281.11,61,100,3.41
572,Berdigestyakh,RU,62.0989,126.6992,291.87,74,3,1.96
573,Tabou,CI,4.423,-7.3528,296.92,77,100,3.55
574,Ibirataia,BR,-14.0669,-39.6406,294.86,81,75,2.0
575,Lingao,CN,19.9103,109.6859,299.87,82,85,1.05
576,Saint Pete Beach,US,27.7253,-82.7412,309.3,63,0,2.24
577,Barcelona,ES,41.3888,2.159,301.23,78,20,2.57
578,Carauari,BR,-4.8828,-66.8958,304.5,51,74,0.7
579,Japura,ID,-0.3167,102.35,296.89,97,91,0.98
580,Huittinen,FI,61.1833,22.7,283.81,93,57,2.34
581,Kotma,IN,23.2,81.9667,298.61,84,89,0.39
582,Camacupa,AO,-12.0167,17.4833,290.28,22,100,0.73
583,Butembo,CD,0.15,29.2833,287.5,96,93,0.89
584,Bonavista,CA,48.6499,-53.1147,285.74,87,98,7.54
585,Povenets,RU,62.8487,34.8262,289.4,84,100,0.83
586,Simbahan,PH,6.3032,120.5836,301.46,71,71,2.84
587,Sosnovo-Ozerskoye,RU,52.5249,111.5418,282.44,89,100,2.33
588,Varberg,SE,57.1056,12.2508,289.29,83,8,0.99
589,Ranong,TH,9.9658,98.6348,298.75,88,23,0.75
590,Dawlatabad,AF,36.4141,64.9053,302.2,22,0,0.58
591,Kirando,TZ,-7.4167,30.6,296.6,56,2,1.11
592,Gravdal,NO,68.1214,13.5031,284.09,82,75,3.09
593,Katangli,RU,51.7102,143.2326,284.57,95,28,1.69
594,Sawakin,SD,19.1059,37.3321,307.5,51,44,3.42
595,Pokrovsk,UA,48.282,37.1758,295.04,61,73,2.53
596,Vega De Alatorre,MX,20.0333,-96.6333,303.47,63,91,6.52
597,Alekseyevsk,RU,57.8406,108.3492,287.69,97,100,2.84
598,Touros,BR,-5.1989,-35.4608,298.61,78,5,6.91
599,Tieli,CN,46.95,128.05,293.54,96,76,1.34
600,Krasnogorodsk,RU,56.8357,28.2822,286.26,92,73,2.17
601,Djibo,BF,14.1022,-1.6306,307.03,38,93,5.13
602,Derzhavinsk,KZ,51.1,66.3167,288.09,88,66,5.95
603,Port Shepstone,ZA,-30.7414,30.455,292.32,89,62,7.69
604,Brae,GB,60.3964,-1.353,285.95,78,100,4.09
605,Dongsheng,CN,39.8161,109.9776,294.62,51,100,7.54
606,Bilma,NE,18.6853,12.9164,308.6,25,100,4.07
607,Ladario,BR,-19.0047,-57.6017,309.28,16,6,3.53
608,Suksun,RU,57.1431,57.3949,286.54,83,79,2.11
609,Colomiers,FR,43.6167,1.35,300.12,44,58,3.09
610,Kuldur,RU,49.2167,131.6333,294.06,97,100,1.73
611,Sussex,US,41.1834,-74.6663,305.69,64,100,2.06
612,Urdoma,RU,61.7533,48.5442,290.39,79,7,2.37
613,Oranjestad,AW,12.524,-70.027,303.12,66,40,8.75
614,Grimshaw,CA,56.1834,-117.6027,303.84,36,0,4.07
615,Saint-Pierre,RE,-21.3393,55.4781,293.66,81,0,3.09
616,Gushikawa,JP,26.3544,127.8686,301.15,87,0,2.57
617,Alghero,IT,40.5589,8.3181,299.2,73,0,1.03
618,Waddan,LY,29.1614,16.139,305.41,17,0,3.71
619,Magsaysay,PH,6.7667,125.1833,296.24,94,71,1.85
620,Pathein,MM,16.7833,94.7333,299.83,87,25,2.54
621,Shirpur,IN,21.35,74.8833,300.35,82,100,4.36
622,Horodnya,UA,51.8909,31.5974,289.95,69,53,0.61
623,Walvis Bay,NA,-22.9575,14.5053,284.87,86,6,2.89
624,Ridgecrest,US,35.6225,-117.6709,311.86,17,75,2.06
625,Buala,SB,-8.145,159.5921,299.78,81,60,3.94
626,Arys,KZ,42.4252,68.795,300.3,30,0,2.17
627,Aquiraz,BR,-3.9014,-38.3911,301.2,70,72,4.55
628,Chulman,RU,56.8479,124.9104,289.69,98,100,1.9
629,Heyang,CN,26.1011,107.473,292.97,96,55,0.79
630,Anadyr,RU,64.75,177.4833,283.71,81,100,4.57
631,Bubaque,GW,11.2833,-15.8333,299.81,83,45,5.76
632,Bulolo,PG,-7.2,146.65,293.72,99,100,0.9
633,Malazgirt,TR,39.1427,42.5401,294.41,22,0,1.1
634,Morden,CA,49.1919,-98.1014,295.98,53,45,7.16
635,Chapais,CA,49.7834,-74.8492,290.03,94,100,3.63
636,Grand-Santi,GF,4.25,-54.3833,300.53,90,100,0.75
637,Natal,BR,-5.795,-35.2094,299.51,78,0,3.6
638,Sola,VU,-13.8833,167.55,299.91,78,72,6.65
639,Morant Bay,JM,17.8815,-76.4093,301.88,72,23,4.24
640,Ariquemes,BR,-9.9133,-63.0408,308.79,21,3,0.88
641,Azul,AR,-36.777,-59.8585,284.45,52,5,7.22
642,Tuy Hoa,VN,13.0833,109.3,298.36,90,100,1.73
643,Vila,PT,42.0304,-8.1588,286.64,81,0,1.6
644,Kieta,PG,-6.2167,155.6333,298.3,87,100,1.5
645,Goderich,CA,43.7501,-81.7165,296.43,67,11,1.79
646,Las Margaritas,MX,16.3167,-91.9833,298.75,43,88,3.11
647,Virginia Beach,US,36.8529,-75.978,308.74,60,75,5.66
648,Kamenka,RU,51.3223,42.7678,296.09,59,92,1.09
649,Shaunavon,CA,49.6501,-108.4181,299.74,26,0,1.38
650,Vredendal,ZA,-31.6683,18.5012,286.12,92,35,5.5
651,Gornopravdinsk,RU,60.05,69.9,286.68,80,100,2.33
652,Talaya,RU,61.3833,152.75,286.39,50,97,1.56
653,Entebbe,UG,0.0644,32.4469,296.33,78,20,2.57
654,Ugoofaaru,MV,5.6667,73.0,300.68,78,65,7.61
655,Coffs Harbour,AU,-30.3,153.1333,282.67,93,75,0.0
656,Hovd,MN,48.0056,91.6419,290.04,41,80,1.21
657,Roma,US,43.2128,-75.4557,300.75,82,40,3.6
658,Shambu,ET,9.5667,37.1,283.75,96,100,0.44
659,Pochutla,MX,15.7432,-96.4661,304.16,70,85,3.11
660,Areka,ET,7.0667,37.7,289.87,86,97,1.02
661,Namibe,AO,-15.1961,12.1522,289.68,85,11,3.62
662,Abancay,PE,-13.6339,-72.8814,298.98,22,28,4.07
663,Harper,LR,4.375,-7.7169,296.93,77,100,3.36
664,San Quintin,MX,30.4833,-115.95,296.63,66,9,5.73
665,La Orilla,MX,17.9833,-102.2333,302.9,64,18,4.32
666,Narasannapeta,IN,18.4167,84.05,300.62,80,13,2.08
667,Wukari,NG,7.85,9.7833,295.35,94,100,3.83
668,Barra Do Corda,BR,-5.5,-45.25,308.72,24,4,1.46
669,Basco,PH,20.4487,121.9702,302.76,75,55,5.54
670,Vostok,RU,46.4856,135.8833,291.02,95,100,1.5
671,Matara,LK,5.9485,80.5353,298.27,92,100,2.81
672,Otane,NZ,-39.8833,176.6333,285.93,75,41,4.08
673,Shakawe,BW,-18.3667,21.85,289.26,32,5,2.64
674,Nouadhibou,MR,20.931,-17.0347,296.4,76,0,13.82
675,Nata,PA,8.3333,-80.5167,301.45,75,100,1.92
676,Ust-Maya,RU,60.4167,134.5333,290.51,78,5,1.24
677,Bonfim,BR,3.0833,-59.95,302.41,68,97,0.83
678,Mugla,TR,37.2303,28.3557,295.52,45,0,0.24
679,Ishigaki,JP,24.3448,124.1572,302.61,75,8,4.13
680,Caravelas,BR,-17.7125,-39.2481,295.76,72,0,2.85
681,Viljoenskroon,ZA,-27.2084,26.9485,286.68,43,62,3.26
682,Puerto Escondido,MX,15.85,-97.0667,304.61,62,40,4.12
683,Bikaner,IN,28.0167,73.3,302.99,65,100,5.35
684,Astara,AZ,38.5,48.6667,294.54,87,46,0.61
685,Klungkung,ID,-8.5333,115.4,298.53,83,96,0.51
686,Erdenet,MN,49.0333,104.0833,281.83,91,100,1.09
687,Beringovskiy,RU,63.05,179.3167,282.82,81,100,3.58
688,Anloga,GH,5.7947,0.8973,297.83,81,100,7.54
689,Zlobin,HR,45.2924,14.6541,296.76,55,0,3.09
690,Burns Lake,CA,54.2331,-125.7533,303.8,24,2,1.6
691,Guerrero Negro,MX,27.9769,-114.0611,299.38,55,21,6.23
692,Ancud,CL,-41.8697,-73.8203,281.77,79,100,2.22
693,Catamarca,AR,-28.4696,-65.7852,289.69,52,3,0.89
694,El Prat De Llobregat,ES,41.3278,2.0947,301.46,80,20,2.57
695,Namatanai,PG,-3.6667,152.4333,299.53,79,89,4.86
696,Omsukchan,RU,62.5333,155.8,283.65,65,100,1.18
697,Moose Factory,CA,51.2585,-80.6094,294.55,66,98,2.58
698,Ambilobe,MG,-13.2,49.05,292.41,88,15,1.52
